0.2,0.4,0.6,0.8,1,1.2,1.4,1.6,1.8,2,2.2,2.4,2.6,2.8,3,3.2,3.4,3.6,3.8,4,4.2,4.4,4.6,4.8,5,5.2,5.4,5.6,5.8,6,6.2,6.4,6.6,6.8,7,7.2,7.4,7.6,7.8,8,8.2,8.4,8.6,8.8,9,9.2,9.4,9.6,9.8,10,10.2,10.4,10.6,10.8,11,11.2,11.4,11.6,11.8,12,12.2,12.4,12.6,12.8,13,13.2,13.4,13.6,13.8,14,14.2,14.4,14.6,14.8,15,15.2,15.4,15.6,15.8,16,16.2,16.4,16.6,16.8,17,17.2,17.4,17.6,17.8,18,18.2,18.4,18.6,18.8,19,19.2,19.4,19.6,19.8,20, ,,,,
1.89E-01,1.84E-01,1.76E-01,1.66E-01,1.53E-01,1.39E-01,1.22E-01,1.05E-01,8.65E-02,6.73E-02,4.79E-02,2.85E-02,9.35E-03,-9.17E-03,-2.68E-02,-4.33E-02,-5.85E-02,-7.22E-02,-8.42E-02,-9.44E-02,-1.03E-01,-1.09E-01,-1.13E-01,-1.16E-01,-1.16E-01,-1.15E-01,-1.12E-01,-1.07E-01,-1.01E-01,-9.29E-02,-8.41E-02,-7.42E-02,-6.36E-02,-5.24E-02,-4.08E-02,-2.91E-02,-1.73E-02,-5.67E-03,5.56E-03,1.63E-02,2.63E-02,3.55E-02,4.38E-02,5.11E-02,5.72E-02,6.23E-02,6.61E-02,6.88E-02,7.02E-02,7.05E-02,6.97E-02,6.77E-02,6.48E-02,6.10E-02,5.63E-02,5.10E-02,4.50E-02,3.86E-02,3.18E-02,2.48E-02,1.76E-02,1.05E-02,3.44E-03,-3.37E-03,-9.86E-03,-1.59E-02,-2.15E-02,-2.66E-02,-3.10E-02,-3.47E-02,-3.78E-02,-4.01E-02,-4.17E-02,-4.26E-02,-4.28E-02,-4.22E-02,-4.11E-02,-3.93E-02,-3.70E-02,-3.42E-02,-3.09E-02,-2.73E-02,-2.34E-02,-1.93E-02,-1.50E-02,-1.07E-02,-6.35E-03,-2.09E-03,2.05E-03,5.98E-03,9.67E-03,1.31E-02,1.61E-02,1.88E-02,2.11E-02,2.29E-02,2.43E-02,2.53E-02,2.58E-02,2.59E-02,,,,,
1.89E+02,1.84E+02,1.76E+02,1.66E+02,1.53E+02,1.39E+02,1.22E+02,1.05E+02,8.65E+01,6.73E+01,4.79E+01,2.85E+01,9.35E+00,-9.17E+00,-2.68E+01,-4.33E+01,-5.85E+01,-7.22E+01,-8.42E+01,-9.44E+01,-1.03E+02,-1.09E+02,-1.13E+02,-1.16E+02,-1.16E+02,-1.15E+02,-1.12E+02,-1.07E+02,-1.01E+02,-9.29E+01,-8.41E+01,-7.42E+01,-6.36E+01,-5.24E+01,-4.08E+01,-2.91E+01,-1.73E+01,-5.67E+00,5.56E+00,1.63E+01,2.63E+01,3.55E+01,4.38E+01,5.11E+01,5.72E+01,6.23E+01,6.61E+01,6.88E+01,7.02E+01,7.05E+01,6.97E+01,6.77E+01,6.48E+01,6.10E+01,5.63E+01,5.10E+01,4.50E+01,3.86E+01,3.18E+01,2.48E+01,1.76E+01,1.05E+01,3.44E+00,-3.37E+00,-9.86E+00,-1.59E+01,-2.15E+01,-2.66E+01,-3.10E+01,-3.47E+01,-3.78E+01,-4.01E+01,-4.17E+01,-4.26E+01,-4.28E+01,-4.22E+01,-4.11E+01,-3.93E+01,-3.70E+01,-3.42E+01,-3.09E+01,-2.73E+01,-2.34E+01,-1.93E+01,-1.50E+01,-1.07E+01,-6.35E+00,-2.09E+00,2.05E+00,5.98E+00,9.67E+00,1.31E+01,1.61E+01,1.88E+01,2.11E+01,2.29E+01,2.43E+01,2.53E+01,2.58E+01,2.59E+01,,,,,
5.15E+01,5.01E+01,4.79E+01,4.51E+01,4.16E+01,3.77E+01,3.33E+01,2.85E+01,2.35E+01,1.83E+01,1.30E+01,7.74E+00,2.54E+00,-2.49E+00,-7.29E+00,-1.18E+01,-1.59E+01,-1.96E+01,-2.29E+01,-2.57E+01,-2.79E+01,-2.96E+01,-3.08E+01,-3.15E+01,-3.16E+01,-3.12E+01,-3.04E+01,-2.91E+01,-2.73E+01,-2.53E+01,-2.29E+01,-2.02E+01,-1.73E+01,-1.43E+01,-1.11E+01,-7.90E+00,-4.70E+00,-1.54E+00,1.51E+00,4.42E+00,7.15E+00,9.65E+00,1.19E+01,1.39E+01,1.56E+01,1.69E+01,1.80E+01,1.87E+01,1.91E+01,1.92E+01,1.89E+01,1.84E+01,1.76E+01,1.66E+01,1.53E+01,1.39E+01,1.22E+01,1.05E+01,8.65E+00,6.74E+00,4.79E+00,2.85E+00,9.35E-01,-9.17E-01,-2.68E+00,-4.34E+00,-5.86E+00,-7.22E+00,-8.42E+00,-9.44E+00,-1.03E+01,-1.09E+01,-1.13E+01,-1.16E+01,-1.16E+01,-1.15E+01,-1.12E+01,-1.07E+01,-1.01E+01,-9.29E+00,-8.41E+00,-7.43E+00,-6.37E+00,-5.25E+00,-4.09E+00,-2.91E+00,-1.73E+00,-5.67E-01,5.56E-01,1.63E+00,2.63E+00,3.55E+00,4.38E+00,5.11E+00,5.73E+00,6.23E+00,6.61E+00,6.88E+00,7.02E+00,7.05E+00,,,,,
6.65E+00,6.47E+00,6.19E+00,5.82E+00,5.38E+00,4.87E+00,4.30E+00,3.69E+00,3.04E+00,2.37E+00,1.68E+00,1.00E+00,3.28E-01,-3.22E-01,-9.42E-01,-1.52E+00,-2.06E+00,-2.54E+00,-2.96E+00,-3.32E+00,-3.61E+00,-3.83E+00,-3.98E+00,-4.07E+00,-4.08E+00,-4.03E+00,-3.92E+00,-3.75E+00,-3.53E+00,-3.26E+00,-2.95E+00,-2.61E+00,-2.24E+00,-1.84E+00,-1.43E+00,-1.02E+00,-6.07E-01,-1.99E-01,1.95E-01,5.71E-01,9.23E-01,1.25E+00,1.54E+00,1.79E+00,2.01E+00,2.19E+00,2.32E+00,2.42E+00,2.47E+00,2.48E+00,2.45E+00,2.38E+00,2.28E+00,2.14E+00,1.98E+00,1.79E+00,1.58E+00,1.36E+00,1.12E+00,8.70E-01,6.19E-01,3.68E-01,1.21E-01,-1.18E-01,-3.46E-01,-5.60E-01,-7.56E-01,-9.33E-01,-1.09E+00,-1.22E+00,-1.33E+00,-1.41E+00,-1.47E+00,-1.50E+00,-1.50E+00,-1.48E+00,-1.44E+00,-1.38E+00,-1.30E+00,-1.20E+00,-1.09E+00,-9.59E-01,-8.22E-01,-6.78E-01,-5.28E-01,-3.75E-01,-2.23E-01,-7.33E-02,7.18E-02,2.10E-01,3.40E-01,4.59E-01,5.66E-01,6.60E-01,7.40E-01,8.05E-01,8.54E-01,8.89E-01,9.07E-01,9.11E-01,,,,,
3.39E-01,3.30E-01,3.15E-01,2.97E-01,2.74E-01,2.48E-01,2.19E-01,1.88E-01,1.55E-01,1.21E-01,8.57E-02,5.10E-02,1.67E-02,-1.64E-02,-4.80E-02,-7.76E-02,-1.05E-01,-1.29E-01,-1.51E-01,-1.69E-01,-1.84E-01,-1.95E-01,-2.03E-01,-2.07E-01,-2.08E-01,-2.06E-01,-2.00E-01,-1.91E-01,-1.80E-01,-1.66E-01,-1.50E-01,-1.33E-01,-1.14E-01,-9.39E-02,-7.31E-02,-5.20E-02,-3.09E-02,-1.02E-02,9.95E-03,2.91E-02,4.71E-02,6.36E-02,7.84E-02,9.14E-02,1.02E-01,1.11E-01,1.18E-01,1.23E-01,1.26E-01,1.26E-01,1.25E-01,1.21E-01,1.16E-01,1.09E-01,1.01E-01,9.13E-02,8.06E-02,6.91E-02,5.69E-02,4.43E-02,3.15E-02,1.87E-02,6.16E-03,-6.04E-03,-1.77E-02,-2.85E-02,-3.85E-02,-4.75E-02,-5.54E-02,-6.22E-02,-6.76E-02,-7.18E-02,-7.47E-02,-7.62E-02,-7.65E-02,-7.56E-02,-7.35E-02,-7.04E-02,-6.62E-02,-6.12E-02,-5.54E-02,-4.89E-02,-4.19E-02,-3.45E-02,-2.69E-02,-1.91E-02,-1.14E-02,-3.74E-03,3.66E-03,1.07E-02,1.73E-02,2.34E-02,2.88E-02,3.36E-02,3.77E-02,4.10E-02,4.35E-02,4.53E-02,4.62E-02,4.64E-02,,,,,
6.81E-06,6.62E-06,6.34E-06,5.97E-06,5.51E-06,4.99E-06,4.40E-06,3.78E-06,3.11E-06,2.42E-06,1.72E-06,1.02E-06,3.36E-07,-3.30E-07,-9.65E-07,-1.56E-06,-2.11E-06,-2.60E-06,-3.03E-06,-3.40E-06,-3.69E-06,-3.92E-06,-4.08E-06,-4.17E-06,-4.18E-06,-4.13E-06,-4.02E-06,-3.85E-06,-3.62E-06,-3.34E-06,-3.02E-06,-2.67E-06,-2.29E-06,-1.89E-06,-1.47E-06,-1.05E-06,-6.21E-07,-2.04E-07,2.00E-07,5.85E-07,9.46E-07,1.28E-06,1.58E-06,1.84E-06,2.06E-06,2.24E-06,2.38E-06,2.47E-06,2.53E-06,2.54E-06,2.51E-06,2.44E-06,2.33E-06,2.19E-06,2.03E-06,1.83E-06,1.62E-06,1.39E-06,1.14E-06,8.91E-07,6.34E-07,3.77E-07,1.24E-07,-1.21E-07,-3.55E-07,-5.74E-07,-7.75E-07,-9.56E-07,-1.11E-06,-1.25E-06,-1.36E-06,-1.44E-06,-1.50E-06,-1.53E-06,-1.54E-06,-1.52E-06,-1.48E-06,-1.41E-06,-1.33E-06,-1.23E-06,-1.11E-06,-9.83E-07,-8.42E-07,-6.94E-07,-5.41E-07,-3.85E-07,-2.29E-07,-7.51E-08,7.36E-08,2.15E-07,3.48E-07,4.70E-07,5.80E-07,6.76E-07,7.58E-07,8.24E-07,8.75E-07,9.10E-07,9.29E-07,9.33E-07,,,,,
5.40E-08,5.25E-08,5.03E-08,4.73E-08,4.37E-08,3.95E-08,3.49E-08,2.99E-08,2.47E-08,1.92E-08,1.37E-08,8.12E-09,2.67E-09,-2.62E-09,-7.65E-09,-1.24E-08,-1.67E-08,-2.06E-08,-2.40E-08,-2.69E-08,-2.93E-08,-3.11E-08,-3.23E-08,-3.30E-08,-3.32E-08,-3.28E-08,-3.19E-08,-3.05E-08,-2.87E-08,-2.65E-08,-2.40E-08,-2.12E-08,-1.82E-08,-1.50E-08,-1.17E-08,-8.29E-09,-4.93E-09,-1.62E-09,1.59E-09,4.64E-09,7.50E-09,1.01E-08,1.25E-08,1.46E-08,1.63E-08,1.78E-08,1.89E-08,1.96E-08,2.00E-08,2.01E-08,1.99E-08,1.93E-08,1.85E-08,1.74E-08,1.61E-08,1.45E-08,1.28E-08,1.10E-08,9.07E-09,7.07E-09,5.03E-09,2.99E-09,9.82E-10,-9.62E-10,-2.81E-09,-4.55E-09,-6.14E-09,-7.58E-09,-8.84E-09,-9.91E-09,-1.08E-08,-1.14E-08,-1.19E-08,-1.22E-08,-1.22E-08,-1.21E-08,-1.17E-08,-1.12E-08,-1.06E-08,-9.75E-09,-8.82E-09,-7.79E-09,-6.68E-09,-5.50E-09,-4.29E-09,-3.05E-09,-1.81E-09,-5.95E-10,5.84E-10,1.71E-09,2.76E-09,3.73E-09,4.60E-09,5.36E-09,6.01E-09,6.54E-09,6.94E-09,7.22E-09,7.37E-09,7.40E-09,,,,,
1.69E-10,1.64E-10,1.57E-10,1.48E-10,1.37E-10,1.24E-10,1.09E-10,9.36E-11,7.71E-11,6.01E-11,4.27E-11,2.54E-11,8.34E-12,-8.18E-12,-2.39E-11,-3.87E-11,-5.22E-11,-6.44E-11,-7.51E-11,-8.42E-11,-9.16E-11,-9.73E-11,-1.01E-10,-1.03E-10,-1.04E-10,-1.02E-10,-9.97E-11,-9.54E-11,-8.97E-11,-8.29E-11,-7.50E-11,-6.63E-11,-5.68E-11,-4.68E-11,-3.64E-11,-2.59E-11,-1.54E-11,-5.06E-12,4.96E-12,1.45E-11,2.35E-11,3.17E-11,3.91E-11,4.56E-11,5.11E-11,5.56E-11,5.90E-11,6.14E-11,6.27E-11,6.29E-11,6.22E-11,6.04E-11,5.78E-11,5.44E-11,5.03E-11,4.55E-11,4.02E-11,3.44E-11,2.84E-11,2.21E-11,1.57E-11,9.35E-12,3.07E-12,-3.01E-12,-8.80E-12,-1.42E-11,-1.92E-11,-2.37E-11,-2.76E-11,-3.10E-11,-3.37E-11,-3.58E-11,-3.72E-11,-3.80E-11,-3.82E-11,-3.77E-11,-3.67E-11,-3.51E-11,-3.30E-11,-3.05E-11,-2.76E-11,-2.44E-11,-2.09E-11,-1.72E-11,-1.34E-11,-9.54E-12,-5.67E-12,-1.86E-12,1.83E-12,5.34E-12,8.63E-12,1.17E-11,1.44E-11,1.68E-11,1.88E-11,2.04E-11,2.17E-11,2.26E-11,2.31E-11,2.31E-11,,,,,
2.62E-01,2.55E-01,2.44E-01,2.30E-01,2.12E-01,1.92E-01,1.70E-01,1.45E-01,1.20E-01,9.33E-02,6.63E-02,3.94E-02,1.30E-02,-1.27E-02,-3.71E-02,-6.00E-02,-8.11E-02,-1.00E-01,-1.17E-01,-1.31E-01,-1.42E-01,-1.51E-01,-1.57E-01,-1.60E-01,-1.61E-01,-1.59E-01,-1.55E-01,-1.48E-01,-1.39E-01,-1.29E-01,-1.16E-01,-1.03E-01,-8.81E-02,-7.26E-02,-5.66E-02,-4.02E-02,-2.39E-02,-7.86E-03,7.70E-03,2.25E-02,3.64E-02,4.92E-02,6.07E-02,7.07E-02,7.93E-02,8.62E-02,9.16E-02,9.52E-02,9.72E-02,9.76E-02,9.65E-02,9.38E-02,8.98E-02,8.45E-02,7.80E-02,7.06E-02,6.24E-02,5.35E-02,4.40E-02,3.43E-02,2.44E-02,1.45E-02,4.76E-03,-4.67E-03,-1.37E-02,-2.21E-02,-2.98E-02,-3.68E-02,-4.29E-02,-4.81E-02,-5.23E-02,-5.55E-02,-5.78E-02,-5.90E-02,-5.92E-02,-5.85E-02,-5.69E-02,-5.44E-02,-5.12E-02,-4.73E-02,-4.28E-02,-3.78E-02,-3.24E-02,-2.67E-02,-2.08E-02,-1.48E-02,-8.80E-03,-2.89E-03,2.83E-03,8.29E-03,1.34E-02,1.81E-02,2.23E-02,2.60E-02,2.92E-02,3.17E-02,3.37E-02,3.50E-02,3.58E-02,3.59E-02,  ,  ,  ,  ,  
2.62E-01,2.55E-01,2.44E-01,2.30E-01,2.12E-01,1.92E-01,1.70E-01,1.45E-01,1.20E-01,9.33E-02,6.63E-02,3.94E-02,1.30E-02,-1.27E-02,-3.71E-02,-6.00E-02,-8.11E-02,-1.00E-01,-1.17E-01,-1.31E-01,-1.42E-01,-1.51E-01,-1.57E-01,-1.60E-01,-1.61E-01,-1.59E-01,-1.55E-01,-1.48E-01,-1.39E-01,-1.29E-01,-1.16E-01,-1.03E-01,-8.81E-02,-7.26E-02,-5.66E-02,-4.02E-02,-2.39E-02,-7.86E-03,7.70E-03,2.25E-02,3.64E-02,4.92E-02,6.07E-02,7.07E-02,7.93E-02,8.62E-02,9.16E-02,9.52E-02,9.72E-02,9.76E-02,9.65E-02,9.38E-02,8.98E-02,8.45E-02,7.80E-02,7.06E-02,6.24E-02,5.35E-02,4.40E-02,3.43E-02,2.44E-02,1.45E-02,4.76E-03,-4.67E-03,-1.37E-02,-2.21E-02,-2.98E-02,-3.68E-02,-4.29E-02,-4.81E-02,-5.23E-02,-5.55E-02,-5.78E-02,-5.90E-02,-5.92E-02,-5.85E-02,-5.69E-02,-5.44E-02,-5.12E-02,-4.73E-02,-4.28E-02,-3.78E-02,-3.24E-02,-2.67E-02,-2.08E-02,-1.48E-02,-8.80E-03,-2.89E-03,2.83E-03,8.29E-03,1.34E-02,1.81E-02,2.23E-02,2.60E-02,2.92E-02,3.17E-02,3.37E-02,3.50E-02,3.58E-02,3.59E-02, , , , ,
3.39E-01,3.30E-01,3.15E-01,2.97E-01,2.74E-01,2.48E-01,2.19E-01,1.88E-01,1.55E-01,1.21E-01,8.57E-02,5.10E-02,1.67E-02,-1.64E-02,-4.80E-02,-7.76E-02,-1.05E-01,-1.29E-01,-1.51E-01,-1.69E-01,-1.84E-01,-1.95E-01,-2.03E-01,-2.07E-01,-2.08E-01,-2.06E-01,-2.00E-01,-1.91E-01,-1.80E-01,-1.66E-01,-1.50E-01,-1.33E-01,-1.14E-01,-9.39E-02,-7.31E-02,-5.20E-02,-3.09E-02,-1.02E-02,9.95E-03,2.91E-02,4.71E-02,6.36E-02,7.84E-02,9.14E-02,1.02E-01,1.11E-01,1.18E-01,1.23E-01,1.26E-01,1.26E-01,1.25E-01,1.21E-01,1.16E-01,1.09E-01,1.01E-01,9.13E-02,8.06E-02,6.91E-02,5.69E-02,4.43E-02,3.15E-02,1.87E-02,6.16E-03,-6.04E-03,-1.77E-02,-2.85E-02,-3.85E-02,-4.75E-02,-5.54E-02,-6.22E-02,-6.76E-02,-7.18E-02,-7.47E-02,-7.62E-02,-7.65E-02,-7.56E-02,-7.35E-02,-7.04E-02,-6.62E-02,-6.12E-02,-5.54E-02,-4.89E-02,-4.19E-02,-3.45E-02,-2.69E-02,-1.91E-02,-1.14E-02,-3.74E-03,3.66E-03,1.07E-02,1.73E-02,2.34E-02,2.88E-02,3.36E-02,3.77E-02,4.10E-02,4.35E-02,4.53E-02,4.62E-02,4.64E-02, , ,,,
6.81E-04,6.63E-04,6.34E-04,5.97E-04,5.51E-04,4.99E-04,4.41E-04,3.78E-04,3.11E-04,2.42E-04,1.72E-04,1.02E-04,3.37E-05,-3.30E-05,-9.65E-05,-1.56E-04,-2.11E-04,-2.60E-04,-3.03E-04,-3.40E-04,-3.70E-04,-3.92E-04,-4.08E-04,-4.17E-04,-4.18E-04,-4.13E-04,-4.02E-04,-3.85E-04,-3.62E-04,-3.34E-04,-3.03E-04,-2.67E-04,-2.29E-04,-1.89E-04,-1.47E-04,-1.05E-04,-6.22E-05,-2.04E-05,2.00E-05,5.85E-05,9.46E-05,1.28E-04,1.58E-04,1.84E-04,2.06E-04,2.24E-04,2.38E-04,2.47E-04,2.53E-04,2.54E-04,2.51E-04,2.44E-04,2.33E-04,2.20E-04,2.03E-04,1.84E-04,1.62E-04,1.39E-04,1.14E-04,8.92E-05,6.34E-05,3.77E-05,1.24E-05,-1.21E-05,-3.55E-05,-5.74E-05,-7.75E-05,-9.56E-05,-1.11E-04,-1.25E-04,-1.36E-04,-1.44E-04,-1.50E-04,-1.53E-04,-1.54E-04,-1.52E-04,-1.48E-04,-1.41E-04,-1.33E-04,-1.23E-04,-1.11E-04,-9.83E-05,-8.43E-05,-6.94E-05,-5.41E-05,-3.85E-05,-2.29E-05,-7.51E-06,7.36E-06,2.15E-05,3.48E-05,4.70E-05,5.80E-05,6.76E-05,7.58E-05,8.25E-05,8.75E-05,9.10E-05,9.30E-05,9.33E-05,,,,,
9.88E-04,9.61E-04,9.19E-04,8.65E-04,7.99E-04,7.23E-04,6.39E-04,5.47E-04,4.51E-04,3.51E-04,2.50E-04,1.49E-04,4.88E-05,-4.78E-05,-1.40E-04,-2.26E-04,-3.05E-04,-3.77E-04,-4.39E-04,-4.92E-04,-5.36E-04,-5.69E-04,-5.92E-04,-6.04E-04,-6.06E-04,-5.99E-04,-5.83E-04,-5.58E-04,-5.25E-04,-4.85E-04,-4.39E-04,-3.87E-04,-3.32E-04,-2.74E-04,-2.13E-04,-1.52E-04,-9.01E-05,-2.96E-05,2.90E-05,8.48E-05,1.37E-04,1.85E-04,2.29E-04,2.66E-04,2.99E-04,3.25E-04,3.45E-04,3.59E-04,3.66E-04,3.68E-04,3.63E-04,3.53E-04,3.38E-04,3.18E-04,2.94E-04,2.66E-04,2.35E-04,2.01E-04,1.66E-04,1.29E-04,9.19E-05,5.46E-05,1.79E-05,-1.76E-05,-5.15E-05,-8.32E-05,-1.12E-04,-1.39E-04,-1.62E-04,-1.81E-04,-1.97E-04,-2.09E-04,-2.18E-04,-2.22E-04,-2.23E-04,-2.20E-04,-2.14E-04,-2.05E-04,-1.93E-04,-1.78E-04,-1.61E-04,-1.43E-04,-1.22E-04,-1.01E-04,-7.84E-05,-5.58E-05,-3.31E-05,-1.09E-05,1.07E-05,3.12E-05,5.05E-05,6.81E-05,8.41E-05,9.80E-05,1.10E-04,1.20E-04,1.27E-04,1.32E-04,1.35E-04,1.35E-04,,,,,
2.39E-05,2.33E-05,2.23E-05,2.09E-05,1.93E-05,1.75E-05,1.55E-05,1.33E-05,1.09E-05,8.51E-06,6.05E-06,3.60E-06,1.18E-06,-1.16E-06,-3.39E-06,-5.48E-06,-7.39E-06,-9.12E-06,-1.06E-05,-1.19E-05,-1.30E-05,-1.38E-05,-1.43E-05,-1.46E-05,-1.47E-05,-1.45E-05,-1.41E-05,-1.35E-05,-1.27E-05,-1.17E-05,-1.06E-05,-9.38E-06,-8.04E-06,-6.62E-06,-5.16E-06,-3.67E-06,-2.18E-06,-7.16E-07,7.02E-07,2.05E-06,3.32E-06,4.48E-06,5.53E-06,6.45E-06,7.23E-06,7.87E-06,8.35E-06,8.69E-06,8.87E-06,8.91E-06,8.80E-06,8.56E-06,8.19E-06,7.70E-06,7.12E-06,6.44E-06,5.69E-06,4.88E-06,4.02E-06,3.13E-06,2.23E-06,1.32E-06,4.35E-07,-4.26E-07,-1.25E-06,-2.01E-06,-2.72E-06,-3.36E-06,-3.91E-06,-4.39E-06,-4.77E-06,-5.07E-06,-5.27E-06,-5.38E-06,-5.40E-06,-5.34E-06,-5.19E-06,-4.97E-06,-4.67E-06,-4.32E-06,-3.91E-06,-3.45E-06,-2.96E-06,-2.44E-06,-1.90E-06,-1.35E-06,-8.02E-07,-2.64E-07,2.58E-07,7.56E-07,1.22E-06,1.65E-06,2.04E-06,2.37E-06,2.66E-06,2.89E-06,3.07E-06,3.20E-06,3.26E-06,3.28E-06,,,,,
2.28E-07,2.22E-07,2.13E-07,2.00E-07,1.85E-07,1.67E-07,1.48E-07,1.27E-07,1.04E-07,8.12E-08,5.78E-08,3.43E-08,1.13E-08,-1.11E-08,-3.23E-08,-5.23E-08,-7.06E-08,-8.71E-08,-1.02E-07,-1.14E-07,-1.24E-07,-1.32E-07,-1.37E-07,-1.40E-07,-1.40E-07,-1.39E-07,-1.35E-07,-1.29E-07,-1.21E-07,-1.12E-07,-1.01E-07,-8.96E-08,-7.68E-08,-6.33E-08,-4.93E-08,-3.51E-08,-2.08E-08,-6.84E-09,6.71E-09,1.96E-08,3.17E-08,4.28E-08,5.28E-08,6.16E-08,6.91E-08,7.51E-08,7.98E-08,8.30E-08,8.47E-08,8.50E-08,8.40E-08,8.17E-08,7.82E-08,7.36E-08,6.80E-08,6.15E-08,5.43E-08,4.66E-08,3.84E-08,2.99E-08,2.13E-08,1.26E-08,4.15E-09,-4.07E-09,-1.19E-08,-1.92E-08,-2.60E-08,-3.20E-08,-3.74E-08,-4.19E-08,-4.56E-08,-4.84E-08,-5.03E-08,-5.14E-08,-5.16E-08,-5.10E-08,-4.96E-08,-4.74E-08,-4.46E-08,-4.12E-08,-3.73E-08,-3.30E-08,-2.82E-08,-2.33E-08,-1.81E-08,-1.29E-08,-7.66E-09,-2.52E-09,2.47E-09,7.22E-09,1.17E-08,1.58E-08,1.94E-08,2.27E-08,2.54E-08,2.76E-08,2.93E-08,3.05E-08,3.12E-08,3.13E-08,,,,,
8.60E-10,8.37E-10,8.01E-10,7.53E-10,6.96E-10,6.30E-10,5.56E-10,4.77E-10,3.93E-10,3.06E-10,2.18E-10,1.29E-10,4.25E-11,-4.17E-11,-1.22E-10,-1.97E-10,-2.66E-10,-3.28E-10,-3.83E-10,-4.29E-10,-4.67E-10,-4.95E-10,-5.15E-10,-5.26E-10,-5.28E-10,-5.22E-10,-5.08E-10,-4.86E-10,-4.57E-10,-4.22E-10,-3.82E-10,-3.37E-10,-2.89E-10,-2.38E-10,-1.86E-10,-1.32E-10,-7.85E-11,-2.58E-11,2.53E-11,7.39E-11,1.19E-10,1.61E-10,1.99E-10,2.32E-10,2.60E-10,2.83E-10,3.01E-10,3.13E-10,3.19E-10,3.20E-10,3.17E-10,3.08E-10,2.95E-10,2.77E-10,2.56E-10,2.32E-10,2.05E-10,1.75E-10,1.45E-10,1.13E-10,8.01E-11,4.76E-11,1.56E-11,-1.53E-11,-4.48E-11,-7.25E-11,-9.79E-11,-1.21E-10,-1.41E-10,-1.58E-10,-1.72E-10,-1.82E-10,-1.90E-10,-1.94E-10,-1.94E-10,-1.92E-10,-1.87E-10,-1.79E-10,-1.68E-10,-1.55E-10,-1.41E-10,-1.24E-10,-1.06E-10,-8.77E-11,-6.83E-11,-4.86E-11,-2.89E-11,-9.48E-12,9.30E-12,2.72E-11,4.40E-11,5.94E-11,7.32E-11,8.54E-11,9.57E-11,1.04E-10,1.11E-10,1.15E-10,1.17E-10,1.18E-10,,,,,
1.57E-01,1.53E-01,1.46E-01,1.38E-01,1.27E-01,1.15E-01,1.02E-01,8.71E-02,7.18E-02,5.59E-02,3.98E-02,2.36E-02,7.76E-03,-7.61E-03,-2.23E-02,-3.60E-02,-4.86E-02,-6.00E-02,-6.99E-02,-7.84E-02,-8.52E-02,-9.05E-02,-9.41E-02,-9.61E-02,-9.65E-02,-9.53E-02,-9.27E-02,-8.87E-02,-8.35E-02,-7.71E-02,-6.98E-02,-6.16E-02,-5.28E-02,-4.35E-02,-3.39E-02,-2.41E-02,-1.43E-02,-4.71E-03,4.62E-03,1.35E-02,2.18E-02,2.95E-02,3.64E-02,4.24E-02,4.75E-02,5.17E-02,5.49E-02,5.71E-02,5.83E-02,5.85E-02,5.78E-02,5.62E-02,5.38E-02,5.06E-02,4.68E-02,4.23E-02,3.74E-02,3.20E-02,2.64E-02,2.06E-02,1.46E-02,8.70E-03,2.86E-03,-2.80E-03,-8.19E-03,-1.32E-02,-1.79E-02,-2.21E-02,-2.57E-02,-2.88E-02,-3.14E-02,-3.33E-02,-3.46E-02,-3.54E-02,-3.55E-02,-3.51E-02,-3.41E-02,-3.26E-02,-3.07E-02,-2.84E-02,-2.57E-02,-2.27E-02,-1.94E-02,-1.60E-02,-1.25E-02,-8.87E-03,-5.27E-03,-1.73E-03,1.70E-03,4.97E-03,8.03E-03,1.08E-02,1.34E-02,1.56E-02,1.75E-02,1.90E-02,2.02E-02,2.10E-02,2.14E-02,2.15E-02,,,,,
1.89E-01,1.84E-01,1.76E-01,1.66E-01,1.53E-01,1.39E-01,1.22E-01,1.05E-01,8.65E-02,6.73E-02,4.79E-02,2.85E-02,9.35E-03,-9.17E-03,-2.68E-02,-4.33E-02,-5.85E-02,-7.22E-02,-8.42E-02,-9.44E-02,-1.03E-01,-1.09E-01,-1.13E-01,-1.16E-01,-1.16E-01,-1.15E-01,-1.12E-01,-1.07E-01,-1.01E-01,-9.29E-02,-8.41E-02,-7.42E-02,-6.36E-02,-5.24E-02,-4.08E-02,-2.91E-02,-1.73E-02,-5.67E-03,5.56E-03,1.63E-02,2.63E-02,3.55E-02,4.38E-02,5.11E-02,5.72E-02,6.23E-02,6.61E-02,6.88E-02,7.02E-02,7.05E-02,6.97E-02,6.77E-02,6.48E-02,6.10E-02,5.63E-02,5.10E-02,4.50E-02,3.86E-02,3.18E-02,2.48E-02,1.76E-02,1.05E-02,3.44E-03,-3.37E-03,-9.86E-03,-1.59E-02,-2.15E-02,-2.66E-02,-3.10E-02,-3.47E-02,-3.78E-02,-4.01E-02,-4.17E-02,-4.26E-02,-4.28E-02,-4.22E-02,-4.11E-02,-3.93E-02,-3.70E-02,-3.42E-02,-3.09E-02,-2.73E-02,-2.34E-02,-1.93E-02,-1.50E-02,-1.07E-02,-6.35E-03,-2.09E-03,2.05E-03,5.98E-03,9.67E-03,1.31E-02,1.61E-02,1.88E-02,2.11E-02,2.29E-02,2.43E-02,2.53E-02,2.58E-02,2.59E-02,,,,,
9.00E-02,8.75E-02,8.37E-02,7.88E-02,7.28E-02,6.59E-02,5.82E-02,4.99E-02,4.11E-02,3.20E-02,2.28E-02,1.35E-02,4.44E-03,-4.36E-03,-1.27E-02,-2.06E-02,-2.78E-02,-3.43E-02,-4.00E-02,-4.48E-02,-4.88E-02,-5.18E-02,-5.39E-02,-5.50E-02,-5.52E-02,-5.46E-02,-5.31E-02,-5.08E-02,-4.78E-02,-4.41E-02,-3.99E-02,-3.53E-02,-3.02E-02,-2.49E-02,-1.94E-02,-1.38E-02,-8.21E-03,-2.70E-03,2.64E-03,7.73E-03,1.25E-02,1.69E-02,2.08E-02,2.43E-02,2.72E-02,2.96E-02,3.14E-02,3.27E-02,3.34E-02,3.35E-02,3.31E-02,3.22E-02,3.08E-02,2.90E-02,2.68E-02,2.42E-02,2.14E-02,1.83E-02,1.51E-02,1.18E-02,8.37E-03,4.98E-03,1.63E-03,-1.60E-03,-4.69E-03,-7.58E-03,-1.02E-02,-1.26E-02,-1.47E-02,-1.65E-02,-1.79E-02,-1.91E-02,-1.98E-02,-2.02E-02,-2.03E-02,-2.01E-02,-1.95E-02,-1.87E-02,-1.76E-02,-1.62E-02,-1.47E-02,-1.30E-02,-1.11E-02,-9.17E-03,-7.14E-03,-5.08E-03,-3.02E-03,-9.91E-04,9.72E-04,2.84E-03,4.60E-03,6.21E-03,7.66E-03,8.93E-03,1.00E-02,1.09E-02,1.16E-02,1.20E-02,1.23E-02,1.23E-02,,,,,
1.69E-02,1.64E-02,1.57E-02,1.48E-02,1.36E-02,1.23E-02,1.09E-02,9.34E-03,7.70E-03,6.00E-03,4.27E-03,2.54E-03,8.33E-04,-8.16E-04,-2.39E-03,-3.86E-03,-5.21E-03,-6.43E-03,-7.50E-03,-8.40E-03,-9.14E-03,-9.71E-03,-1.01E-02,-1.03E-02,-1.04E-02,-1.02E-02,-9.94E-03,-9.52E-03,-8.95E-03,-8.27E-03,-7.49E-03,-6.61E-03,-5.67E-03,-4.67E-03,-3.64E-03,-2.59E-03,-1.54E-03,-5.05E-04,4.95E-04,1.45E-03,2.34E-03,3.16E-03,3.90E-03,4.55E-03,5.10E-03,5.55E-03,5.89E-03,6.12E-03,6.25E-03,6.28E-03,6.20E-03,6.03E-03,5.77E-03,5.43E-03,5.02E-03,4.54E-03,4.01E-03,3.44E-03,2.83E-03,2.21E-03,1.57E-03,9.33E-04,3.06E-04,-3.00E-04,-8.78E-04,-1.42E-03,-1.92E-03,-2.37E-03,-2.76E-03,-3.09E-03,-3.36E-03,-3.57E-03,-3.71E-03,-3.79E-03,-3.81E-03,-3.76E-03,-3.66E-03,-3.50E-03,-3.29E-03,-3.04E-03,-2.75E-03,-2.43E-03,-2.08E-03,-1.72E-03,-1.34E-03,-9.52E-04,-5.66E-04,-1.86E-04,1.82E-04,5.33E-04,8.61E-04,1.16E-03,1.43E-03,1.67E-03,1.88E-03,2.04E-03,2.17E-03,2.25E-03,2.30E-03,2.31E-03,,,,,
1.25E-03,1.21E-03,1.16E-03,1.09E-03,1.01E-03,9.12E-04,8.06E-04,6.91E-04,5.69E-04,4.43E-04,3.15E-04,1.87E-04,6.16E-05,-6.03E-05,-1.77E-04,-2.85E-04,-3.85E-04,-4.75E-04,-5.54E-04,-6.21E-04,-6.76E-04,-7.18E-04,-7.46E-04,-7.62E-04,-7.65E-04,-7.56E-04,-7.35E-04,-7.04E-04,-6.62E-04,-6.12E-04,-5.53E-04,-4.89E-04,-4.19E-04,-3.45E-04,-2.69E-04,-1.91E-04,-1.14E-04,-3.73E-05,3.66E-05,1.07E-04,1.73E-04,2.34E-04,2.88E-04,3.36E-04,3.77E-04,4.10E-04,4.35E-04,4.53E-04,4.62E-04,4.64E-04,4.59E-04,4.46E-04,4.27E-04,4.02E-04,3.71E-04,3.36E-04,2.96E-04,2.54E-04,2.09E-04,1.63E-04,1.16E-04,6.90E-05,2.26E-05,-2.22E-05,-6.49E-05,-1.05E-04,-1.42E-04,-1.75E-04,-2.04E-04,-2.29E-04,-2.49E-04,-2.64E-04,-2.75E-04,-2.80E-04,-2.81E-04,-2.78E-04,-2.70E-04,-2.59E-04,-2.44E-04,-2.25E-04,-2.04E-04,-1.80E-04,-1.54E-04,-1.27E-04,-9.89E-05,-7.04E-05,-4.18E-05,-1.37E-05,1.35E-05,3.94E-05,6.37E-05,8.60E-05,1.06E-04,1.24E-04,1.39E-04,1.51E-04,1.60E-04,1.67E-04,1.70E-04,1.71E-04,,,,,
3.63E-05,3.53E-05,3.38E-05,3.18E-05,2.94E-05,2.66E-05,2.35E-05,2.01E-05,1.66E-05,1.29E-05,9.20E-06,5.47E-06,1.80E-06,-1.76E-06,-5.15E-06,-8.32E-06,-1.12E-05,-1.39E-05,-1.62E-05,-1.81E-05,-1.97E-05,-2.09E-05,-2.18E-05,-2.22E-05,-2.23E-05,-2.20E-05,-2.14E-05,-2.05E-05,-1.93E-05,-1.78E-05,-1.61E-05,-1.43E-05,-1.22E-05,-1.01E-05,-7.84E-06,-5.58E-06,-3.32E-06,-1.09E-06,1.07E-06,3.12E-06,5.05E-06,6.82E-06,8.41E-06,9.80E-06,1.10E-05,1.20E-05,1.27E-05,1.32E-05,1.35E-05,1.35E-05,1.34E-05,1.30E-05,1.24E-05,1.17E-05,1.08E-05,9.79E-06,8.65E-06,7.41E-06,6.11E-06,4.76E-06,3.38E-06,2.01E-06,6.60E-07,-6.47E-07,-1.89E-06,-3.06E-06,-4.13E-06,-5.10E-06,-5.95E-06,-6.67E-06,-7.25E-06,-7.70E-06,-8.01E-06,-8.18E-06,-8.21E-06,-8.11E-06,-7.89E-06,-7.55E-06,-7.10E-06,-6.56E-06,-5.94E-06,-5.24E-06,-4.49E-06,-3.70E-06,-2.88E-06,-2.05E-06,-1.22E-06,-4.01E-07,3.93E-07,1.15E-06,1.86E-06,2.51E-06,3.09E-06,3.61E-06,4.04E-06,4.40E-06,4.67E-06,4.86E-06,4.96E-06,4.98E-06,,,,,
4.18E-07,4.07E-07,3.89E-07,3.66E-07,3.38E-07,3.06E-07,2.70E-07,2.32E-07,1.91E-07,1.49E-07,1.06E-07,6.29E-08,2.07E-08,-2.02E-08,-5.92E-08,-9.57E-08,-1.29E-07,-1.59E-07,-1.86E-07,-2.08E-07,-2.27E-07,-2.41E-07,-2.50E-07,-2.56E-07,-2.57E-07,-2.54E-07,-2.47E-07,-2.36E-07,-2.22E-07,-2.05E-07,-1.86E-07,-1.64E-07,-1.41E-07,-1.16E-07,-9.02E-08,-6.42E-08,-3.81E-08,-1.25E-08,1.23E-08,3.59E-08,5.81E-08,7.84E-08,9.67E-08,1.13E-07,1.26E-07,1.38E-07,1.46E-07,1.52E-07,1.55E-07,1.56E-07,1.54E-07,1.50E-07,1.43E-07,1.35E-07,1.24E-07,1.13E-07,9.95E-08,8.52E-08,7.02E-08,5.47E-08,3.89E-08,2.31E-08,7.60E-09,-7.45E-09,-2.18E-08,-3.52E-08,-4.76E-08,-5.87E-08,-6.84E-08,-7.67E-08,-8.34E-08,-8.86E-08,-9.21E-08,-9.41E-08,-9.44E-08,-9.33E-08,-9.07E-08,-8.68E-08,-8.17E-08,-7.55E-08,-6.83E-08,-6.03E-08,-5.17E-08,-4.26E-08,-3.32E-08,-2.36E-08,-1.40E-08,-4.61E-09,4.52E-09,1.32E-08,2.14E-08,2.88E-08,3.56E-08,4.15E-08,4.65E-08,5.06E-08,5.37E-08,5.59E-08,5.70E-08,5.73E-08,,,,,
1.90E-09,1.85E-09,1.77E-09,1.66E-09,1.53E-09,1.39E-09,1.23E-09,1.05E-09,8.66E-10,6.75E-10,4.80E-10,2.85E-10,9.37E-11,-9.19E-11,-2.69E-10,-4.34E-10,-5.87E-10,-7.24E-10,-8.44E-10,-9.46E-10,-1.03E-09,-1.09E-09,-1.14E-09,-1.16E-09,-1.16E-09,-1.15E-09,-1.12E-09,-1.07E-09,-1.01E-09,-9.31E-10,-8.42E-10,-7.44E-10,-6.38E-10,-5.25E-10,-4.09E-10,-2.91E-10,-1.73E-10,-5.68E-11,5.57E-11,1.63E-10,2.63E-10,3.56E-10,4.39E-10,5.12E-10,5.74E-10,6.24E-10,6.63E-10,6.89E-10,7.04E-10,7.06E-10,6.98E-10,6.79E-10,6.50E-10,6.11E-10,5.65E-10,5.11E-10,4.51E-10,3.87E-10,3.19E-10,2.48E-10,1.77E-10,1.05E-10,3.45E-11,-3.38E-11,-9.88E-11,-1.60E-10,-2.16E-10,-2.66E-10,-3.10E-10,-3.48E-10,-3.79E-10,-4.02E-10,-4.18E-10,-4.27E-10,-4.29E-10,-4.23E-10,-4.12E-10,-3.94E-10,-3.71E-10,-3.42E-10,-3.10E-10,-2.74E-10,-2.35E-10,-1.93E-10,-1.51E-10,-1.07E-10,-6.37E-11,-2.09E-11,2.05E-11,6.00E-11,9.69E-11,1.31E-10,1.61E-10,1.88E-10,2.11E-10,2.30E-10,2.44E-10,2.54E-10,2.59E-10,2.60E-10,,,,,
4.08E-02,3.97E-02,3.80E-02,3.57E-02,3.30E-02,2.99E-02,2.64E-02,2.26E-02,1.86E-02,1.45E-02,1.03E-02,6.14E-03,2.02E-03,-1.98E-03,-5.78E-03,-9.34E-03,-1.26E-02,-1.56E-02,-1.81E-02,-2.03E-02,-2.21E-02,-2.35E-02,-2.44E-02,-2.49E-02,-2.50E-02,-2.47E-02,-2.41E-02,-2.30E-02,-2.17E-02,-2.00E-02,-1.81E-02,-1.60E-02,-1.37E-02,-1.13E-02,-8.80E-03,-6.26E-03,-3.72E-03,-1.22E-03,1.20E-03,3.50E-03,5.66E-03,7.65E-03,9.44E-03,1.10E-02,1.23E-02,1.34E-02,1.42E-02,1.48E-02,1.51E-02,1.52E-02,1.50E-02,1.46E-02,1.40E-02,1.31E-02,1.21E-02,1.10E-02,9.70E-03,8.32E-03,6.85E-03,5.34E-03,3.80E-03,2.26E-03,7.41E-04,-7.27E-04,-2.13E-03,-3.44E-03,-4.64E-03,-5.72E-03,-6.67E-03,-7.48E-03,-8.14E-03,-8.64E-03,-8.99E-03,-9.18E-03,-9.21E-03,-9.10E-03,-8.85E-03,-8.47E-03,-7.97E-03,-7.36E-03,-6.66E-03,-5.89E-03,-5.04E-03,-4.16E-03,-3.24E-03,-2.30E-03,-1.37E-03,-4.50E-04,4.41E-04,1.29E-03,2.08E-03,2.81E-03,3.47E-03,4.05E-03,4.54E-03,4.94E-03,5.24E-03,5.45E-03,5.57E-03,5.59E-03,,,,,
5.92E-02,5.76E-02,5.51E-02,5.18E-02,4.79E-02,4.33E-02,3.83E-02,3.28E-02,2.70E-02,2.11E-02,1.50E-02,8.90E-03,2.92E-03,-2.87E-03,-8.38E-03,-1.36E-02,-1.83E-02,-2.26E-02,-2.63E-02,-2.95E-02,-3.21E-02,-3.41E-02,-3.54E-02,-3.62E-02,-3.63E-02,-3.59E-02,-3.49E-02,-3.34E-02,-3.14E-02,-2.90E-02,-2.63E-02,-2.32E-02,-1.99E-02,-1.64E-02,-1.28E-02,-9.08E-03,-5.40E-03,-1.77E-03,1.74E-03,5.08E-03,8.22E-03,1.11E-02,1.37E-02,1.60E-02,1.79E-02,1.95E-02,2.07E-02,2.15E-02,2.20E-02,2.20E-02,2.18E-02,2.12E-02,2.03E-02,1.91E-02,1.76E-02,1.59E-02,1.41E-02,1.21E-02,9.94E-03,7.74E-03,5.51E-03,3.27E-03,1.08E-03,-1.05E-03,-3.08E-03,-4.98E-03,-6.73E-03,-8.30E-03,-9.68E-03,-1.09E-02,-1.18E-02,-1.25E-02,-1.30E-02,-1.33E-02,-1.34E-02,-1.32E-02,-1.28E-02,-1.23E-02,-1.16E-02,-1.07E-02,-9.67E-03,-8.54E-03,-7.32E-03,-6.03E-03,-4.70E-03,-3.34E-03,-1.99E-03,-6.52E-04,6.39E-04,1.87E-03,3.02E-03,4.08E-03,5.04E-03,5.87E-03,6.58E-03,7.16E-03,7.60E-03,7.91E-03,8.08E-03,8.11E-03,,,,,
3.39E-02,3.29E-02,3.15E-02,2.97E-02,2.74E-02,2.48E-02,2.19E-02,1.88E-02,1.55E-02,1.20E-02,8.57E-03,5.09E-03,1.67E-03,-1.64E-03,-4.80E-03,-7.75E-03,-1.05E-02,-1.29E-02,-1.51E-02,-1.69E-02,-1.84E-02,-1.95E-02,-2.03E-02,-2.07E-02,-2.08E-02,-2.05E-02,-2.00E-02,-1.91E-02,-1.80E-02,-1.66E-02,-1.50E-02,-1.33E-02,-1.14E-02,-9.38E-03,-7.31E-03,-5.20E-03,-3.09E-03,-1.01E-03,9.95E-04,2.91E-03,4.70E-03,6.35E-03,7.84E-03,9.14E-03,1.02E-02,1.11E-02,1.18E-02,1.23E-02,1.26E-02,1.26E-02,1.25E-02,1.21E-02,1.16E-02,1.09E-02,1.01E-02,9.12E-03,8.06E-03,6.91E-03,5.69E-03,4.43E-03,3.15E-03,1.87E-03,6.15E-04,-6.03E-04,-1.76E-03,-2.85E-03,-3.85E-03,-4.75E-03,-5.54E-03,-6.21E-03,-6.76E-03,-7.17E-03,-7.46E-03,-7.62E-03,-7.65E-03,-7.56E-03,-7.35E-03,-7.03E-03,-6.62E-03,-6.11E-03,-5.53E-03,-4.89E-03,-4.19E-03,-3.45E-03,-2.69E-03,-1.91E-03,-1.14E-03,-3.73E-04,3.66E-04,1.07E-03,1.73E-03,2.34E-03,2.88E-03,3.36E-03,3.77E-03,4.10E-03,4.35E-03,4.53E-03,4.62E-03,4.64E-03,,,,,
7.65E-03,7.44E-03,7.12E-03,6.70E-03,6.19E-03,5.60E-03,4.94E-03,4.24E-03,3.49E-03,2.72E-03,1.93E-03,1.15E-03,3.78E-04,-3.70E-04,-1.08E-03,-1.75E-03,-2.36E-03,-2.92E-03,-3.40E-03,-3.81E-03,-4.15E-03,-4.40E-03,-4.58E-03,-4.68E-03,-4.69E-03,-4.64E-03,-4.51E-03,-4.32E-03,-4.06E-03,-3.75E-03,-3.40E-03,-3.00E-03,-2.57E-03,-2.12E-03,-1.65E-03,-1.17E-03,-6.97E-04,-2.29E-04,2.25E-04,6.57E-04,1.06E-03,1.43E-03,1.77E-03,2.06E-03,2.31E-03,2.52E-03,2.67E-03,2.78E-03,2.84E-03,2.85E-03,2.81E-03,2.74E-03,2.62E-03,2.46E-03,2.28E-03,2.06E-03,1.82E-03,1.56E-03,1.28E-03,1.00E-03,7.12E-04,4.23E-04,1.39E-04,-1.36E-04,-3.98E-04,-6.44E-04,-8.70E-04,-1.07E-03,-1.25E-03,-1.40E-03,-1.53E-03,-1.62E-03,-1.68E-03,-1.72E-03,-1.73E-03,-1.71E-03,-1.66E-03,-1.59E-03,-1.49E-03,-1.38E-03,-1.25E-03,-1.10E-03,-9.45E-04,-7.79E-04,-6.07E-04,-4.32E-04,-2.57E-04,-8.43E-05,8.26E-05,2.42E-04,3.91E-04,5.28E-04,6.51E-04,7.59E-04,8.51E-04,9.25E-04,9.82E-04,1.02E-03,1.04E-03,1.05E-03,,,,,
6.81E-04,6.62E-04,6.34E-04,5.96E-04,5.51E-04,4.98E-04,4.40E-04,3.77E-04,3.11E-04,2.42E-04,1.72E-04,1.02E-04,3.36E-05,-3.30E-05,-9.64E-05,-1.56E-04,-2.11E-04,-2.60E-04,-3.03E-04,-3.39E-04,-3.69E-04,-3.92E-04,-4.08E-04,-4.16E-04,-4.18E-04,-4.13E-04,-4.02E-04,-3.84E-04,-3.62E-04,-3.34E-04,-3.02E-04,-2.67E-04,-2.29E-04,-1.89E-04,-1.47E-04,-1.04E-04,-6.21E-05,-2.04E-05,2.00E-05,5.85E-05,9.45E-05,1.28E-04,1.58E-04,1.84E-04,2.06E-04,2.24E-04,2.38E-04,2.47E-04,2.53E-04,2.54E-04,2.50E-04,2.44E-04,2.33E-04,2.19E-04,2.03E-04,1.83E-04,1.62E-04,1.39E-04,1.14E-04,8.91E-05,6.34E-05,3.77E-05,1.24E-05,-1.21E-05,-3.55E-05,-5.73E-05,-7.74E-05,-9.55E-05,-1.11E-04,-1.25E-04,-1.36E-04,-1.44E-04,-1.50E-04,-1.53E-04,-1.54E-04,-1.52E-04,-1.48E-04,-1.41E-04,-1.33E-04,-1.23E-04,-1.11E-04,-9.82E-05,-8.42E-05,-6.94E-05,-5.40E-05,-3.84E-05,-2.28E-05,-7.50E-06,7.36E-06,2.15E-05,3.48E-05,4.70E-05,5.79E-05,6.76E-05,7.57E-05,8.24E-05,8.75E-05,9.10E-05,9.29E-05,9.33E-05,,,,,
2.39E-05,2.33E-05,2.23E-05,2.09E-05,1.93E-05,1.75E-05,1.55E-05,1.33E-05,1.09E-05,8.51E-06,6.05E-06,3.60E-06,1.18E-06,-1.16E-06,-3.39E-06,-5.48E-06,-7.39E-06,-9.12E-06,-1.06E-05,-1.19E-05,-1.30E-05,-1.38E-05,-1.43E-05,-1.46E-05,-1.47E-05,-1.45E-05,-1.41E-05,-1.35E-05,-1.27E-05,-1.17E-05,-1.06E-05,-9.38E-06,-8.04E-06,-6.62E-06,-5.16E-06,-3.67E-06,-2.18E-06,-7.16E-07,7.02E-07,2.05E-06,3.32E-06,4.48E-06,5.53E-06,6.45E-06,7.23E-06,7.87E-06,8.35E-06,8.69E-06,8.87E-06,8.91E-06,8.80E-06,8.56E-06,8.19E-06,7.70E-06,7.12E-06,6.44E-06,5.69E-06,4.88E-06,4.02E-06,3.13E-06,2.23E-06,1.32E-06,4.35E-07,-4.26E-07,-1.25E-06,-2.01E-06,-2.72E-06,-3.36E-06,-3.91E-06,-4.39E-06,-4.77E-06,-5.07E-06,-5.27E-06,-5.38E-06,-5.40E-06,-5.34E-06,-5.19E-06,-4.97E-06,-4.67E-06,-4.32E-06,-3.91E-06,-3.45E-06,-2.96E-06,-2.44E-06,-1.90E-06,-1.35E-06,-8.02E-07,-2.64E-07,2.58E-07,7.56E-07,1.22E-06,1.65E-06,2.04E-06,2.37E-06,2.66E-06,2.89E-06,3.07E-06,3.20E-06,3.26E-06,3.28E-06,,,,,
3.31E-07,3.22E-07,3.08E-07,2.90E-07,2.68E-07,2.43E-07,2.14E-07,1.84E-07,1.51E-07,1.18E-07,8.38E-08,4.98E-08,1.64E-08,-1.60E-08,-4.69E-08,-7.59E-08,-1.02E-07,-1.26E-07,-1.47E-07,-1.65E-07,-1.80E-07,-1.91E-07,-1.98E-07,-2.03E-07,-2.03E-07,-2.01E-07,-1.95E-07,-1.87E-07,-1.76E-07,-1.63E-07,-1.47E-07,-1.30E-07,-1.11E-07,-9.18E-08,-7.15E-08,-5.09E-08,-3.02E-08,-9.93E-09,9.73E-09,2.85E-08,4.60E-08,6.21E-08,7.67E-08,8.94E-08,1.00E-07,1.09E-07,1.16E-07,1.20E-07,1.23E-07,1.23E-07,1.22E-07,1.19E-07,1.13E-07,1.07E-07,9.86E-08,8.92E-08,7.88E-08,6.76E-08,5.57E-08,4.34E-08,3.08E-08,1.83E-08,6.02E-09,-5.90E-09,-1.73E-08,-2.79E-08,-3.77E-08,-4.65E-08,-5.42E-08,-6.08E-08,-6.61E-08,-7.02E-08,-7.30E-08,-7.45E-08,-7.48E-08,-7.39E-08,-7.19E-08,-6.88E-08,-6.47E-08,-5.98E-08,-5.41E-08,-4.78E-08,-4.10E-08,-3.38E-08,-2.63E-08,-1.87E-08,-1.11E-08,-3.65E-09,3.58E-09,1.05E-08,1.69E-08,2.29E-08,2.82E-08,3.29E-08,3.69E-08,4.01E-08,4.26E-08,4.43E-08,4.52E-08,4.54E-08,,,,,
1.81E-09,1.76E-09,1.69E-09,1.59E-09,1.47E-09,1.33E-09,1.17E-09,1.00E-09,8.27E-10,6.44E-10,4.58E-10,2.72E-10,8.95E-11,-8.77E-11,-2.56E-10,-4.15E-10,-5.60E-10,-6.91E-10,-8.05E-10,-9.03E-10,-9.82E-10,-1.04E-09,-1.08E-09,-1.11E-09,-1.11E-09,-1.10E-09,-1.07E-09,-1.02E-09,-9.62E-10,-8.89E-10,-8.04E-10,-7.10E-10,-6.09E-10,-5.02E-10,-3.91E-10,-2.78E-10,-1.65E-10,-5.43E-11,5.32E-11,1.56E-10,2.51E-10,3.40E-10,4.19E-10,4.89E-10,5.48E-10,5.96E-10,6.32E-10,6.58E-10,6.72E-10,6.74E-10,6.66E-10,6.48E-10,6.20E-10,5.83E-10,5.39E-10,4.88E-10,4.31E-10,3.69E-10,3.04E-10,2.37E-10,1.69E-10,1.00E-10,3.29E-11,-3.23E-11,-9.44E-11,-1.53E-10,-2.06E-10,-2.54E-10,-2.96E-10,-3.32E-10,-3.61E-10,-3.84E-10,-3.99E-10,-4.07E-10,-4.09E-10,-4.04E-10,-3.93E-10,-3.76E-10,-3.54E-10,-3.27E-10,-2.96E-10,-2.61E-10,-2.24E-10,-1.85E-10,-1.44E-10,-1.02E-10,-6.08E-11,-2.00E-11,1.96E-11,5.72E-11,9.25E-11,1.25E-10,1.54E-10,1.80E-10,2.01E-10,2.19E-10,2.33E-10,2.42E-10,2.47E-10,2.48E-10,,,,,
4.58E-03,4.46E-03,4.27E-03,4.01E-03,3.71E-03,3.36E-03,2.96E-03,2.54E-03,2.09E-03,1.63E-03,1.16E-03,6.89E-04,2.26E-04,-2.22E-04,-6.49E-04,-1.05E-03,-1.42E-03,-1.75E-03,-2.04E-03,-2.29E-03,-2.49E-03,-2.64E-03,-2.75E-03,-2.80E-03,-2.81E-03,-2.78E-03,-2.70E-03,-2.59E-03,-2.43E-03,-2.25E-03,-2.04E-03,-1.80E-03,-1.54E-03,-1.27E-03,-9.89E-04,-7.03E-04,-4.18E-04,-1.37E-04,1.35E-04,3.94E-04,6.37E-04,8.60E-04,1.06E-03,1.24E-03,1.39E-03,1.51E-03,1.60E-03,1.66E-03,1.70E-03,1.71E-03,1.69E-03,1.64E-03,1.57E-03,1.48E-03,1.36E-03,1.23E-03,1.09E-03,9.35E-04,7.70E-04,6.00E-04,4.27E-04,2.54E-04,8.33E-05,-8.16E-05,-2.39E-04,-3.86E-04,-5.21E-04,-6.43E-04,-7.50E-04,-8.41E-04,-9.15E-04,-9.71E-04,-1.01E-03,-1.03E-03,-1.04E-03,-1.02E-03,-9.95E-04,-9.52E-04,-8.96E-04,-8.27E-04,-7.49E-04,-6.61E-04,-5.67E-04,-4.67E-04,-3.64E-04,-2.59E-04,-1.54E-04,-5.05E-05,4.95E-05,1.45E-04,2.34E-04,3.16E-04,3.90E-04,4.55E-04,5.10E-04,5.55E-04,5.89E-04,6.13E-04,6.25E-04,6.28E-04,,,,,
8.01E-03,7.79E-03,7.45E-03,7.01E-03,6.48E-03,5.86E-03,5.18E-03,4.44E-03,3.66E-03,2.85E-03,2.03E-03,1.20E-03,3.96E-04,-3.88E-04,-1.13E-03,-1.83E-03,-2.48E-03,-3.06E-03,-3.56E-03,-3.99E-03,-4.34E-03,-4.61E-03,-4.80E-03,-4.90E-03,-4.92E-03,-4.86E-03,-4.72E-03,-4.52E-03,-4.25E-03,-3.93E-03,-3.56E-03,-3.14E-03,-2.69E-03,-2.22E-03,-1.73E-03,-1.23E-03,-7.31E-04,-2.40E-04,2.35E-04,6.88E-04,1.11E-03,1.50E-03,1.85E-03,2.16E-03,2.42E-03,2.63E-03,2.80E-03,2.91E-03,2.97E-03,2.98E-03,2.95E-03,2.87E-03,2.74E-03,2.58E-03,2.38E-03,2.16E-03,1.91E-03,1.63E-03,1.35E-03,1.05E-03,7.46E-04,4.43E-04,1.46E-04,-1.43E-04,-4.17E-04,-6.75E-04,-9.11E-04,-1.12E-03,-1.31E-03,-1.47E-03,-1.60E-03,-1.70E-03,-1.76E-03,-1.80E-03,-1.81E-03,-1.79E-03,-1.74E-03,-1.66E-03,-1.57E-03,-1.45E-03,-1.31E-03,-1.16E-03,-9.90E-04,-8.16E-04,-6.36E-04,-4.52E-04,-2.69E-04,-8.83E-05,8.65E-05,2.53E-04,4.09E-04,5.53E-04,6.82E-04,7.95E-04,8.91E-04,9.69E-04,1.03E-03,1.07E-03,1.09E-03,1.10E-03,,,,,
5.52E-03,5.37E-03,5.14E-03,4.83E-03,4.47E-03,4.04E-03,3.57E-03,3.06E-03,2.52E-03,1.96E-03,1.40E-03,8.30E-04,2.73E-04,-2.67E-04,-7.82E-04,-1.26E-03,-1.71E-03,-2.11E-03,-2.46E-03,-2.75E-03,-2.99E-03,-3.18E-03,-3.31E-03,-3.38E-03,-3.39E-03,-3.35E-03,-3.26E-03,-3.12E-03,-2.93E-03,-2.71E-03,-2.45E-03,-2.17E-03,-1.86E-03,-1.53E-03,-1.19E-03,-8.47E-04,-5.04E-04,-1.65E-04,1.62E-04,4.74E-04,7.67E-04,1.04E-03,1.28E-03,1.49E-03,1.67E-03,1.82E-03,1.93E-03,2.01E-03,2.05E-03,2.06E-03,2.03E-03,1.98E-03,1.89E-03,1.78E-03,1.64E-03,1.49E-03,1.31E-03,1.13E-03,9.27E-04,7.22E-04,5.14E-04,3.05E-04,1.00E-04,-9.83E-05,-2.88E-04,-4.65E-04,-6.28E-04,-7.75E-04,-9.03E-04,-1.01E-03,-1.10E-03,-1.17E-03,-1.22E-03,-1.24E-03,-1.25E-03,-1.23E-03,-1.20E-03,-1.15E-03,-1.08E-03,-9.97E-04,-9.02E-04,-7.97E-04,-6.83E-04,-5.63E-04,-4.38E-04,-3.12E-04,-1.85E-04,-6.09E-05,5.96E-05,1.74E-04,2.82E-04,3.81E-04,4.70E-04,5.48E-04,6.14E-04,6.68E-04,7.09E-04,7.38E-04,7.53E-04,7.56E-04,,,,,
1.50E-03,1.46E-03,1.40E-03,1.31E-03,1.21E-03,1.10E-03,9.71E-04,8.32E-04,6.86E-04,5.34E-04,3.80E-04,2.26E-04,7.42E-05,-7.27E-05,-2.13E-04,-3.44E-04,-4.64E-04,-5.73E-04,-6.68E-04,-7.48E-04,-8.14E-04,-8.64E-04,-8.99E-04,-9.18E-04,-9.22E-04,-9.11E-04,-8.86E-04,-8.47E-04,-7.97E-04,-7.37E-04,-6.67E-04,-5.89E-04,-5.05E-04,-4.16E-04,-3.24E-04,-2.30E-04,-1.37E-04,-4.50E-05,4.41E-05,1.29E-04,2.08E-04,2.82E-04,3.47E-04,4.05E-04,4.54E-04,4.94E-04,5.24E-04,5.45E-04,5.57E-04,5.59E-04,5.52E-04,5.37E-04,5.14E-04,4.84E-04,4.47E-04,4.04E-04,3.57E-04,3.06E-04,2.52E-04,1.96E-04,1.40E-04,8.31E-05,2.73E-05,-2.67E-05,-7.82E-05,-1.26E-04,-1.71E-04,-2.11E-04,-2.46E-04,-2.75E-04,-3.00E-04,-3.18E-04,-3.31E-04,-3.38E-04,-3.39E-04,-3.35E-04,-3.26E-04,-3.12E-04,-2.93E-04,-2.71E-04,-2.45E-04,-2.17E-04,-1.86E-04,-1.53E-04,-1.19E-04,-8.48E-05,-5.04E-05,-1.65E-05,1.62E-05,4.74E-05,7.67E-05,1.04E-04,1.28E-04,1.49E-04,1.67E-04,1.82E-04,1.93E-04,2.01E-04,2.05E-04,2.06E-04,,,,,
1.61E-04,1.57E-04,1.50E-04,1.41E-04,1.30E-04,1.18E-04,1.04E-04,8.92E-05,7.35E-05,5.73E-05,4.07E-05,2.42E-05,7.95E-06,-7.80E-06,-2.28E-05,-3.69E-05,-4.98E-05,-6.14E-05,-7.16E-05,-8.03E-05,-8.73E-05,-9.27E-05,-9.64E-05,-9.85E-05,-9.89E-05,-9.77E-05,-9.50E-05,-9.09E-05,-8.55E-05,-7.90E-05,-7.15E-05,-6.31E-05,-5.41E-05,-4.46E-05,-3.47E-05,-2.47E-05,-1.47E-05,-4.82E-06,4.73E-06,1.38E-05,2.24E-05,3.02E-05,3.72E-05,4.34E-05,4.87E-05,5.30E-05,5.62E-05,5.85E-05,5.97E-05,6.00E-05,5.92E-05,5.76E-05,5.51E-05,5.19E-05,4.79E-05,4.34E-05,3.83E-05,3.28E-05,2.70E-05,2.11E-05,1.50E-05,8.91E-06,2.93E-06,-2.87E-06,-8.39E-06,-1.36E-05,-1.83E-05,-2.26E-05,-2.63E-05,-2.95E-05,-3.21E-05,-3.41E-05,-3.55E-05,-3.62E-05,-3.64E-05,-3.59E-05,-3.49E-05,-3.34E-05,-3.15E-05,-2.91E-05,-2.63E-05,-2.32E-05,-1.99E-05,-1.64E-05,-1.28E-05,-9.09E-06,-5.40E-06,-1.77E-06,1.74E-06,5.09E-06,8.22E-06,1.11E-05,1.37E-05,1.60E-05,1.79E-05,1.95E-05,2.07E-05,2.15E-05,2.20E-05,2.21E-05,,,,,
6.81E-06,6.62E-06,6.34E-06,5.97E-06,5.51E-06,4.99E-06,4.40E-06,3.78E-06,3.11E-06,2.42E-06,1.72E-06,1.02E-06,3.36E-07,-3.30E-07,-9.65E-07,-1.56E-06,-2.11E-06,-2.60E-06,-3.03E-06,-3.40E-06,-3.69E-06,-3.92E-06,-4.08E-06,-4.17E-06,-4.18E-06,-4.13E-06,-4.02E-06,-3.85E-06,-3.62E-06,-3.34E-06,-3.02E-06,-2.67E-06,-2.29E-06,-1.89E-06,-1.47E-06,-1.05E-06,-6.21E-07,-2.04E-07,2.00E-07,5.85E-07,9.46E-07,1.28E-06,1.58E-06,1.84E-06,2.06E-06,2.24E-06,2.38E-06,2.47E-06,2.53E-06,2.54E-06,2.51E-06,2.44E-06,2.33E-06,2.19E-06,2.03E-06,1.83E-06,1.62E-06,1.39E-06,1.14E-06,8.91E-07,6.34E-07,3.77E-07,1.24E-07,-1.21E-07,-3.55E-07,-5.74E-07,-7.75E-07,-9.56E-07,-1.11E-06,-1.25E-06,-1.36E-06,-1.44E-06,-1.50E-06,-1.53E-06,-1.54E-06,-1.52E-06,-1.48E-06,-1.41E-06,-1.33E-06,-1.23E-06,-1.11E-06,-9.83E-07,-8.42E-07,-6.94E-07,-5.41E-07,-3.85E-07,-2.29E-07,-7.51E-08,7.36E-08,2.15E-07,3.48E-07,4.70E-07,5.80E-07,6.76E-07,7.58E-07,8.24E-07,8.75E-07,9.10E-07,9.29E-07,9.33E-07,,,,,
1.14E-07,1.11E-07,1.06E-07,9.96E-08,9.20E-08,8.32E-08,7.35E-08,6.30E-08,5.19E-08,4.04E-08,2.88E-08,1.71E-08,5.62E-09,-5.50E-09,-1.61E-08,-2.60E-08,-3.52E-08,-4.34E-08,-5.06E-08,-5.67E-08,-6.17E-08,-6.55E-08,-6.81E-08,-6.95E-08,-6.98E-08,-6.90E-08,-6.71E-08,-6.42E-08,-6.04E-08,-5.58E-08,-5.05E-08,-4.46E-08,-3.82E-08,-3.15E-08,-2.45E-08,-1.74E-08,-1.04E-08,-3.41E-09,3.34E-09,9.77E-09,1.58E-08,2.13E-08,2.63E-08,3.07E-08,3.44E-08,3.74E-08,3.97E-08,4.13E-08,4.22E-08,4.23E-08,4.18E-08,4.07E-08,3.89E-08,3.66E-08,3.38E-08,3.06E-08,2.70E-08,2.32E-08,1.91E-08,1.49E-08,1.06E-08,6.29E-09,2.07E-09,-2.02E-09,-5.92E-09,-9.57E-09,-1.29E-08,-1.60E-08,-1.86E-08,-2.08E-08,-2.27E-08,-2.41E-08,-2.50E-08,-2.56E-08,-2.57E-08,-2.54E-08,-2.47E-08,-2.36E-08,-2.22E-08,-2.05E-08,-1.86E-08,-1.64E-08,-1.41E-08,-1.16E-08,-9.02E-09,-6.42E-09,-3.81E-09,-1.25E-09,1.23E-09,3.59E-09,5.81E-09,7.84E-09,9.67E-09,1.13E-08,1.26E-08,1.38E-08,1.46E-08,1.52E-08,1.55E-08,1.56E-08,,,,,
7.48E-10,7.28E-10,6.96E-10,6.55E-10,6.05E-10,5.48E-10,4.84E-10,4.15E-10,3.42E-10,2.66E-10,1.89E-10,1.13E-10,3.70E-11,-3.62E-11,-1.06E-10,-1.71E-10,-2.31E-10,-2.85E-10,-3.33E-10,-3.73E-10,-4.06E-10,-4.31E-10,-4.48E-10,-4.58E-10,-4.59E-10,-4.54E-10,-4.41E-10,-4.22E-10,-3.97E-10,-3.67E-10,-3.32E-10,-2.93E-10,-2.52E-10,-2.07E-10,-1.61E-10,-1.15E-10,-6.83E-11,-2.24E-11,2.20E-11,6.43E-11,1.04E-10,1.40E-10,1.73E-10,2.02E-10,2.26E-10,2.46E-10,2.61E-10,2.72E-10,2.78E-10,2.79E-10,2.75E-10,2.68E-10,2.56E-10,2.41E-10,2.23E-10,2.02E-10,1.78E-10,1.53E-10,1.26E-10,9.79E-11,6.97E-11,4.14E-11,1.36E-11,-1.33E-11,-3.90E-11,-6.30E-11,-8.51E-11,-1.05E-10,-1.22E-10,-1.37E-10,-1.49E-10,-1.59E-10,-1.65E-10,-1.68E-10,-1.69E-10,-1.67E-10,-1.62E-10,-1.55E-10,-1.46E-10,-1.35E-10,-1.22E-10,-1.08E-10,-9.25E-11,-7.63E-11,-5.94E-11,-4.23E-11,-2.51E-11,-8.25E-12,8.09E-12,2.37E-11,3.82E-11,5.16E-11,6.37E-11,7.43E-11,8.33E-11,9.06E-11,9.62E-11,1.00E-10,1.02E-10,1.03E-10,,,,,
2.23E-04,2.17E-04,2.08E-04,1.95E-04,1.80E-04,1.63E-04,1.44E-04,1.24E-04,1.02E-04,7.93E-05,5.64E-05,3.35E-05,1.10E-05,-1.08E-05,-3.16E-05,-5.10E-05,-6.89E-05,-8.50E-05,-9.92E-05,-1.11E-04,-1.21E-04,-1.28E-04,-1.34E-04,-1.36E-04,-1.37E-04,-1.35E-04,-1.32E-04,-1.26E-04,-1.18E-04,-1.09E-04,-9.90E-05,-8.74E-05,-7.49E-05,-6.18E-05,-4.81E-05,-3.42E-05,-2.03E-05,-6.68E-06,6.55E-06,1.92E-05,3.10E-05,4.18E-05,5.16E-05,6.01E-05,6.74E-05,7.33E-05,7.79E-05,8.10E-05,8.27E-05,8.30E-05,8.20E-05,7.98E-05,7.63E-05,7.18E-05,6.64E-05,6.01E-05,5.30E-05,4.55E-05,3.75E-05,2.92E-05,2.08E-05,1.23E-05,4.05E-06,-3.97E-06,-1.16E-05,-1.88E-05,-2.54E-05,-3.13E-05,-3.65E-05,-4.09E-05,-4.45E-05,-4.72E-05,-4.91E-05,-5.02E-05,-5.04E-05,-4.98E-05,-4.84E-05,-4.63E-05,-4.36E-05,-4.02E-05,-3.64E-05,-3.22E-05,-2.76E-05,-2.27E-05,-1.77E-05,-1.26E-05,-7.48E-06,-2.46E-06,2.41E-06,7.05E-06,1.14E-05,1.54E-05,1.90E-05,2.21E-05,2.48E-05,2.70E-05,2.86E-05,2.98E-05,3.04E-05,3.05E-05,,,,,
4.69E-04,4.56E-04,4.37E-04,4.11E-04,3.80E-04,3.44E-04,3.03E-04,2.60E-04,2.14E-04,1.67E-04,1.19E-04,7.06E-05,2.32E-05,-2.27E-05,-6.65E-05,-1.07E-04,-1.45E-04,-1.79E-04,-2.09E-04,-2.34E-04,-2.55E-04,-2.70E-04,-2.81E-04,-2.87E-04,-2.88E-04,-2.85E-04,-2.77E-04,-2.65E-04,-2.49E-04,-2.30E-04,-2.08E-04,-1.84E-04,-1.58E-04,-1.30E-04,-1.01E-04,-7.20E-05,-4.28E-05,-1.41E-05,1.38E-05,4.03E-05,6.52E-05,8.80E-05,1.09E-04,1.27E-04,1.42E-04,1.54E-04,1.64E-04,1.70E-04,1.74E-04,1.75E-04,1.73E-04,1.68E-04,1.61E-04,1.51E-04,1.40E-04,1.26E-04,1.12E-04,9.57E-05,7.88E-05,6.14E-05,4.37E-05,2.60E-05,8.53E-06,-8.36E-06,-2.45E-05,-3.95E-05,-5.34E-05,-6.58E-05,-7.68E-05,-8.61E-05,-9.36E-05,-9.94E-05,-1.03E-04,-1.06E-04,-1.06E-04,-1.05E-04,-1.02E-04,-9.75E-05,-9.17E-05,-8.47E-05,-7.67E-05,-6.77E-05,-5.80E-05,-4.78E-05,-3.72E-05,-2.65E-05,-1.57E-05,-5.17E-06,5.07E-06,1.48E-05,2.40E-05,3.24E-05,3.99E-05,4.66E-05,5.22E-05,5.68E-05,6.03E-05,6.27E-05,6.40E-05,6.43E-05,,,,,
3.90E-04,3.79E-04,3.63E-04,3.41E-04,3.15E-04,2.85E-04,2.52E-04,2.16E-04,1.78E-04,1.39E-04,9.86E-05,5.86E-05,1.92E-05,-1.89E-05,-5.52E-05,-8.92E-05,-1.20E-04,-1.49E-04,-1.73E-04,-1.94E-04,-2.11E-04,-2.24E-04,-2.33E-04,-2.38E-04,-2.39E-04,-2.36E-04,-2.30E-04,-2.20E-04,-2.07E-04,-1.91E-04,-1.73E-04,-1.53E-04,-1.31E-04,-1.08E-04,-8.41E-05,-5.98E-05,-3.55E-05,-1.17E-05,1.14E-05,3.35E-05,5.41E-05,7.31E-05,9.01E-05,1.05E-04,1.18E-04,1.28E-04,1.36E-04,1.42E-04,1.45E-04,1.45E-04,1.43E-04,1.39E-04,1.33E-04,1.26E-04,1.16E-04,1.05E-04,9.27E-05,7.94E-05,6.55E-05,5.10E-05,3.63E-05,2.16E-05,7.08E-06,-6.94E-06,-2.03E-05,-3.28E-05,-4.43E-05,-5.47E-05,-6.37E-05,-7.15E-05,-7.77E-05,-8.25E-05,-8.58E-05,-8.76E-05,-8.80E-05,-8.69E-05,-8.45E-05,-8.09E-05,-7.61E-05,-7.03E-05,-6.36E-05,-5.62E-05,-4.82E-05,-3.97E-05,-3.09E-05,-2.20E-05,-1.31E-05,-4.29E-06,4.21E-06,1.23E-05,1.99E-05,2.69E-05,3.32E-05,3.87E-05,4.33E-05,4.71E-05,5.01E-05,5.21E-05,5.32E-05,5.34E-05,,,,,
1.28E-04,1.24E-04,1.19E-04,1.12E-04,1.03E-04,9.34E-05,8.25E-05,7.07E-05,5.83E-05,4.54E-05,3.23E-05,1.92E-05,6.30E-06,-6.18E-06,-1.81E-05,-2.92E-05,-3.95E-05,-4.87E-05,-5.68E-05,-6.36E-05,-6.92E-05,-7.35E-05,-7.64E-05,-7.80E-05,-7.83E-05,-7.74E-05,-7.53E-05,-7.20E-05,-6.78E-05,-6.26E-05,-5.67E-05,-5.00E-05,-4.29E-05,-3.53E-05,-2.75E-05,-1.96E-05,-1.16E-05,-3.82E-06,3.75E-06,1.10E-05,1.77E-05,2.39E-05,2.95E-05,3.44E-05,3.86E-05,4.20E-05,4.46E-05,4.63E-05,4.73E-05,4.75E-05,4.69E-05,4.57E-05,4.37E-05,4.11E-05,3.80E-05,3.44E-05,3.04E-05,2.60E-05,2.14E-05,1.67E-05,1.19E-05,7.06E-06,2.32E-06,-2.27E-06,-6.65E-06,-1.07E-05,-1.45E-05,-1.79E-05,-2.09E-05,-2.34E-05,-2.55E-05,-2.70E-05,-2.81E-05,-2.87E-05,-2.88E-05,-2.85E-05,-2.77E-05,-2.65E-05,-2.49E-05,-2.30E-05,-2.08E-05,-1.84E-05,-1.58E-05,-1.30E-05,-1.01E-05,-7.20E-06,-4.28E-06,-1.41E-06,1.38E-06,4.03E-06,6.52E-06,8.80E-06,1.09E-05,1.27E-05,1.42E-05,1.54E-05,1.64E-05,1.71E-05,1.74E-05,1.75E-05,,,,,
1.65E-05,1.60E-05,1.53E-05,1.44E-05,1.33E-05,1.21E-05,1.07E-05,9.14E-06,7.53E-06,5.86E-06,4.17E-06,2.48E-06,8.14E-07,-7.98E-07,-2.33E-06,-3.77E-06,-5.10E-06,-6.29E-06,-7.33E-06,-8.22E-06,-8.94E-06,-9.49E-06,-9.87E-06,-1.01E-05,-1.01E-05,-1.00E-05,-9.72E-06,-9.30E-06,-8.76E-06,-8.09E-06,-7.32E-06,-6.46E-06,-5.54E-06,-4.57E-06,-3.56E-06,-2.53E-06,-1.50E-06,-4.94E-07,4.84E-07,1.42E-06,2.29E-06,3.09E-06,3.81E-06,4.45E-06,4.98E-06,5.42E-06,5.76E-06,5.99E-06,6.11E-06,6.14E-06,6.06E-06,5.90E-06,5.64E-06,5.31E-06,4.91E-06,4.44E-06,3.92E-06,3.36E-06,2.77E-06,2.16E-06,1.53E-06,9.12E-07,3.00E-07,-2.94E-07,-8.59E-07,-1.39E-06,-1.88E-06,-2.31E-06,-2.70E-06,-3.02E-06,-3.29E-06,-3.49E-06,-3.63E-06,-3.71E-06,-3.72E-06,-3.68E-06,-3.58E-06,-3.42E-06,-3.22E-06,-2.98E-06,-2.69E-06,-2.38E-06,-2.04E-06,-1.68E-06,-1.31E-06,-9.31E-07,-5.53E-07,-1.82E-07,1.78E-07,5.21E-07,8.42E-07,1.14E-06,1.40E-06,1.64E-06,1.83E-06,1.99E-06,2.12E-06,2.20E-06,2.25E-06,2.26E-06,,,,,
8.40E-07,8.17E-07,7.82E-07,7.36E-07,6.80E-07,6.15E-07,5.43E-07,4.66E-07,3.84E-07,2.99E-07,2.13E-07,1.26E-07,4.15E-08,-4.07E-08,-1.19E-07,-1.92E-07,-2.60E-07,-3.20E-07,-3.74E-07,-4.19E-07,-4.56E-07,-4.84E-07,-5.03E-07,-5.14E-07,-5.16E-07,-5.10E-07,-4.95E-07,-4.74E-07,-4.46E-07,-4.12E-07,-3.73E-07,-3.29E-07,-2.82E-07,-2.33E-07,-1.81E-07,-1.29E-07,-7.66E-08,-2.52E-08,2.47E-08,7.22E-08,1.17E-07,1.58E-07,1.94E-07,2.27E-07,2.54E-07,2.76E-07,2.93E-07,3.05E-07,3.12E-07,3.13E-07,3.09E-07,3.01E-07,2.88E-07,2.71E-07,2.50E-07,2.26E-07,2.00E-07,1.71E-07,1.41E-07,1.10E-07,7.82E-08,4.65E-08,1.53E-08,-1.50E-08,-4.38E-08,-7.07E-08,-9.55E-08,-1.18E-07,-1.37E-07,-1.54E-07,-1.68E-07,-1.78E-07,-1.85E-07,-1.89E-07,-1.90E-07,-1.87E-07,-1.82E-07,-1.74E-07,-1.64E-07,-1.52E-07,-1.37E-07,-1.21E-07,-1.04E-07,-8.56E-08,-6.67E-08,-4.74E-08,-2.82E-08,-9.26E-09,9.08E-09,2.65E-08,4.29E-08,5.80E-08,7.15E-08,8.34E-08,9.34E-08,1.02E-07,1.08E-07,1.12E-07,1.15E-07,1.15E-07,,,,,
1.69E-08,1.64E-08,1.57E-08,1.48E-08,1.37E-08,1.24E-08,1.09E-08,9.36E-09,7.71E-09,6.01E-09,4.27E-09,2.54E-09,8.34E-10,-8.18E-10,-2.39E-09,-3.87E-09,-5.22E-09,-6.44E-09,-7.51E-09,-8.42E-09,-9.16E-09,-9.72E-09,-1.01E-08,-1.03E-08,-1.04E-08,-1.02E-08,-9.96E-09,-9.53E-09,-8.97E-09,-8.29E-09,-7.50E-09,-6.62E-09,-5.68E-09,-4.68E-09,-3.64E-09,-2.59E-09,-1.54E-09,-5.06E-10,4.96E-10,1.45E-09,2.34E-09,3.17E-09,3.91E-09,4.55E-09,5.11E-09,5.55E-09,5.90E-09,6.13E-09,6.26E-09,6.29E-09,6.21E-09,6.04E-09,5.78E-09,5.44E-09,5.03E-09,4.55E-09,4.02E-09,3.44E-09,2.84E-09,2.21E-09,1.57E-09,9.34E-10,3.07E-10,-3.01E-10,-8.80E-10,-1.42E-09,-1.92E-09,-2.37E-09,-2.76E-09,-3.10E-09,-3.37E-09,-3.58E-09,-3.72E-09,-3.80E-09,-3.81E-09,-3.77E-09,-3.66E-09,-3.51E-09,-3.30E-09,-3.05E-09,-2.76E-09,-2.44E-09,-2.09E-09,-1.72E-09,-1.34E-09,-9.53E-10,-5.67E-10,-1.86E-10,1.82E-10,5.34E-10,8.63E-10,1.16E-09,1.44E-09,1.68E-09,1.88E-09,2.04E-09,2.17E-09,2.26E-09,2.30E-09,2.31E-09,,,,,
1.34E-10,1.30E-10,1.25E-10,1.17E-10,1.08E-10,9.80E-11,8.66E-11,7.42E-11,6.11E-11,4.76E-11,3.39E-11,2.01E-11,6.61E-12,-6.48E-12,-1.90E-11,-3.07E-11,-4.14E-11,-5.11E-11,-5.95E-11,-6.67E-11,-7.26E-11,-7.71E-11,-8.02E-11,-8.19E-11,-8.22E-11,-8.12E-11,-7.90E-11,-7.56E-11,-7.11E-11,-6.57E-11,-5.94E-11,-5.25E-11,-4.50E-11,-3.71E-11,-2.89E-11,-2.05E-11,-1.22E-11,-4.01E-12,3.93E-12,1.15E-11,1.86E-11,2.51E-11,3.10E-11,3.61E-11,4.05E-11,4.40E-11,4.68E-11,4.86E-11,4.97E-11,4.99E-11,4.93E-11,4.79E-11,4.58E-11,4.31E-11,3.98E-11,3.61E-11,3.18E-11,2.73E-11,2.25E-11,1.75E-11,1.25E-11,7.41E-12,2.43E-12,-2.38E-12,-6.98E-12,-1.13E-11,-1.52E-11,-1.88E-11,-2.19E-11,-2.46E-11,-2.67E-11,-2.84E-11,-2.95E-11,-3.01E-11,-3.02E-11,-2.99E-11,-2.91E-11,-2.78E-11,-2.62E-11,-2.42E-11,-2.19E-11,-1.93E-11,-1.66E-11,-1.36E-11,-1.06E-11,-7.56E-12,-4.49E-12,-1.48E-12,1.45E-12,4.23E-12,6.84E-12,9.24E-12,1.14E-11,1.33E-11,1.49E-11,1.62E-11,1.72E-11,1.79E-11,1.83E-11,1.83E-11,,,,,
4.70E-06,4.57E-06,4.37E-06,4.11E-06,3.80E-06,3.44E-06,3.04E-06,2.60E-06,2.14E-06,1.67E-06,1.19E-06,7.06E-07,2.32E-07,-2.27E-07,-6.65E-07,-1.07E-06,-1.45E-06,-1.79E-06,-2.09E-06,-2.34E-06,-2.55E-06,-2.70E-06,-2.81E-06,-2.87E-06,-2.88E-06,-2.85E-06,-2.77E-06,-2.65E-06,-2.49E-06,-2.30E-06,-2.08E-06,-1.84E-06,-1.58E-06,-1.30E-06,-1.01E-06,-7.21E-07,-4.28E-07,-1.41E-07,1.38E-07,4.03E-07,6.52E-07,8.81E-07,1.09E-06,1.27E-06,1.42E-06,1.54E-06,1.64E-06,1.71E-06,1.74E-06,1.75E-06,1.73E-06,1.68E-06,1.61E-06,1.51E-06,1.40E-06,1.26E-06,1.12E-06,9.57E-07,7.89E-07,6.14E-07,4.37E-07,2.60E-07,8.53E-08,-8.36E-08,-2.45E-07,-3.95E-07,-5.34E-07,-6.59E-07,-7.68E-07,-8.61E-07,-9.37E-07,-9.95E-07,-1.03E-06,-1.06E-06,-1.06E-06,-1.05E-06,-1.02E-06,-9.75E-07,-9.17E-07,-8.48E-07,-7.67E-07,-6.77E-07,-5.81E-07,-4.78E-07,-3.73E-07,-2.65E-07,-1.58E-07,-5.18E-08,5.07E-08,1.48E-07,2.40E-07,3.24E-07,4.00E-07,4.66E-07,5.22E-07,5.68E-07,6.03E-07,6.27E-07,6.41E-07,6.43E-07,,,,,
1.19E-05,1.16E-05,1.11E-05,1.04E-05,9.63E-06,8.71E-06,7.70E-06,6.60E-06,5.44E-06,4.23E-06,3.01E-06,1.79E-06,5.88E-07,-5.76E-07,-1.69E-06,-2.73E-06,-3.68E-06,-4.54E-06,-5.29E-06,-5.93E-06,-6.46E-06,-6.85E-06,-7.13E-06,-7.28E-06,-7.31E-06,-7.22E-06,-7.02E-06,-6.72E-06,-6.32E-06,-5.84E-06,-5.29E-06,-4.67E-06,-4.00E-06,-3.30E-06,-2.57E-06,-1.83E-06,-1.09E-06,-3.57E-07,3.50E-07,1.02E-06,1.65E-06,2.23E-06,2.75E-06,3.21E-06,3.60E-06,3.92E-06,4.16E-06,4.32E-06,4.41E-06,4.43E-06,4.38E-06,4.26E-06,4.08E-06,3.83E-06,3.54E-06,3.21E-06,2.83E-06,2.43E-06,2.00E-06,1.56E-06,1.11E-06,6.59E-07,2.16E-07,-2.12E-07,-6.20E-07,-1.00E-06,-1.35E-06,-1.67E-06,-1.95E-06,-2.18E-06,-2.37E-06,-2.52E-06,-2.62E-06,-2.68E-06,-2.69E-06,-2.66E-06,-2.58E-06,-2.47E-06,-2.33E-06,-2.15E-06,-1.94E-06,-1.72E-06,-1.47E-06,-1.21E-06,-9.45E-07,-6.72E-07,-3.99E-07,-1.31E-07,1.29E-07,3.76E-07,6.08E-07,8.21E-07,1.01E-06,1.18E-06,1.32E-06,1.44E-06,1.53E-06,1.59E-06,1.62E-06,1.63E-06,,,,,
1.19E-05,1.16E-05,1.11E-05,1.04E-05,9.63E-06,8.71E-06,7.70E-06,6.60E-06,5.44E-06,4.23E-06,3.01E-06,1.79E-06,5.88E-07,-5.76E-07,-1.69E-06,-2.73E-06,-3.68E-06,-4.54E-06,-5.29E-06,-5.93E-06,-6.46E-06,-6.85E-06,-7.13E-06,-7.28E-06,-7.31E-06,-7.22E-06,-7.02E-06,-6.72E-06,-6.32E-06,-5.84E-06,-5.29E-06,-4.67E-06,-4.00E-06,-3.30E-06,-2.57E-06,-1.83E-06,-1.09E-06,-3.57E-07,3.50E-07,1.02E-06,1.65E-06,2.23E-06,2.75E-06,3.21E-06,3.60E-06,3.92E-06,4.16E-06,4.32E-06,4.41E-06,4.43E-06,4.38E-06,4.26E-06,4.08E-06,3.83E-06,3.54E-06,3.21E-06,2.83E-06,2.43E-06,2.00E-06,1.56E-06,1.11E-06,6.59E-07,2.16E-07,-2.12E-07,-6.20E-07,-1.00E-06,-1.35E-06,-1.67E-06,-1.95E-06,-2.18E-06,-2.37E-06,-2.52E-06,-2.62E-06,-2.68E-06,-2.69E-06,-2.66E-06,-2.58E-06,-2.47E-06,-2.33E-06,-2.15E-06,-1.94E-06,-1.72E-06,-1.47E-06,-1.21E-06,-9.45E-07,-6.72E-07,-3.99E-07,-1.31E-07,1.29E-07,3.76E-07,6.08E-07,8.21E-07,1.01E-06,1.18E-06,1.32E-06,1.44E-06,1.53E-06,1.59E-06,1.62E-06,1.63E-06,,,,,
4.70E-06,4.57E-06,4.37E-06,4.11E-06,3.80E-06,3.44E-06,3.04E-06,2.60E-06,2.14E-06,1.67E-06,1.19E-06,7.06E-07,2.32E-07,-2.27E-07,-6.65E-07,-1.07E-06,-1.45E-06,-1.79E-06,-2.09E-06,-2.34E-06,-2.55E-06,-2.70E-06,-2.81E-06,-2.87E-06,-2.88E-06,-2.85E-06,-2.77E-06,-2.65E-06,-2.49E-06,-2.30E-06,-2.08E-06,-1.84E-06,-1.58E-06,-1.30E-06,-1.01E-06,-7.21E-07,-4.28E-07,-1.41E-07,1.38E-07,4.03E-07,6.52E-07,8.81E-07,1.09E-06,1.27E-06,1.42E-06,1.54E-06,1.64E-06,1.71E-06,1.74E-06,1.75E-06,1.73E-06,1.68E-06,1.61E-06,1.51E-06,1.40E-06,1.26E-06,1.12E-06,9.57E-07,7.89E-07,6.14E-07,4.37E-07,2.60E-07,8.53E-08,-8.36E-08,-2.45E-07,-3.95E-07,-5.34E-07,-6.59E-07,-7.68E-07,-8.61E-07,-9.37E-07,-9.95E-07,-1.03E-06,-1.06E-06,-1.06E-06,-1.05E-06,-1.02E-06,-9.75E-07,-9.17E-07,-8.48E-07,-7.67E-07,-6.77E-07,-5.81E-07,-4.78E-07,-3.73E-07,-2.65E-07,-1.58E-07,-5.18E-08,5.07E-08,1.48E-07,2.40E-07,3.24E-07,4.00E-07,4.66E-07,5.22E-07,5.68E-07,6.03E-07,6.27E-07,6.41E-07,6.43E-07,,,,,
7.31E-07,7.11E-07,6.80E-07,6.40E-07,5.91E-07,5.35E-07,4.72E-07,4.05E-07,3.34E-07,2.60E-07,1.85E-07,1.10E-07,3.61E-08,-3.54E-08,-1.03E-07,-1.67E-07,-2.26E-07,-2.79E-07,-3.25E-07,-3.64E-07,-3.96E-07,-4.21E-07,-4.38E-07,-4.47E-07,-4.49E-07,-4.43E-07,-4.31E-07,-4.12E-07,-3.88E-07,-3.58E-07,-3.24E-07,-2.87E-07,-2.46E-07,-2.02E-07,-1.58E-07,-1.12E-07,-6.66E-08,-2.19E-08,2.15E-08,6.28E-08,1.01E-07,1.37E-07,1.69E-07,1.97E-07,2.21E-07,2.40E-07,2.55E-07,2.65E-07,2.71E-07,2.72E-07,2.69E-07,2.61E-07,2.50E-07,2.35E-07,2.17E-07,1.97E-07,1.74E-07,1.49E-07,1.23E-07,9.56E-08,6.80E-08,4.04E-08,1.33E-08,-1.30E-08,-3.81E-08,-6.15E-08,-8.31E-08,-1.03E-07,-1.20E-07,-1.34E-07,-1.46E-07,-1.55E-07,-1.61E-07,-1.64E-07,-1.65E-07,-1.63E-07,-1.59E-07,-1.52E-07,-1.43E-07,-1.32E-07,-1.19E-07,-1.05E-07,-9.03E-08,-7.44E-08,-5.80E-08,-4.12E-08,-2.45E-08,-8.05E-09,7.89E-09,2.31E-08,3.73E-08,5.04E-08,6.22E-08,7.25E-08,8.13E-08,8.84E-08,9.39E-08,9.76E-08,9.97E-08,1.00E-07,,,,,
4.48E-08,4.36E-08,4.17E-08,3.93E-08,3.63E-08,3.28E-08,2.90E-08,2.49E-08,2.05E-08,1.59E-08,1.13E-08,6.74E-09,2.22E-09,-2.17E-09,-6.35E-09,-1.03E-08,-1.39E-08,-1.71E-08,-1.99E-08,-2.24E-08,-2.43E-08,-2.58E-08,-2.69E-08,-2.74E-08,-2.75E-08,-2.72E-08,-2.65E-08,-2.53E-08,-2.38E-08,-2.20E-08,-1.99E-08,-1.76E-08,-1.51E-08,-1.24E-08,-9.67E-09,-6.88E-09,-4.09E-09,-1.34E-09,1.32E-09,3.85E-09,6.23E-09,8.41E-09,1.04E-08,1.21E-08,1.36E-08,1.48E-08,1.57E-08,1.63E-08,1.66E-08,1.67E-08,1.65E-08,1.60E-08,1.54E-08,1.44E-08,1.33E-08,1.21E-08,1.07E-08,9.14E-09,7.53E-09,5.87E-09,4.17E-09,2.48E-09,8.15E-10,-7.99E-10,-2.34E-09,-3.78E-09,-5.10E-09,-6.29E-09,-7.34E-09,-8.22E-09,-8.95E-09,-9.50E-09,-9.88E-09,-1.01E-08,-1.01E-08,-1.00E-08,-9.73E-09,-9.31E-09,-8.76E-09,-8.09E-09,-7.33E-09,-6.47E-09,-5.55E-09,-4.57E-09,-3.56E-09,-2.53E-09,-1.50E-09,-4.94E-10,4.84E-10,1.42E-09,2.29E-09,3.09E-09,3.82E-09,4.45E-09,4.99E-09,5.43E-09,5.76E-09,5.99E-09,6.12E-09,6.14E-09,,,,,
1.09E-09,1.06E-09,1.01E-09,9.51E-10,8.78E-10,7.95E-10,7.02E-10,6.02E-10,4.96E-10,3.86E-10,2.75E-10,1.63E-10,5.36E-11,-5.26E-11,-1.54E-10,-2.49E-10,-3.36E-10,-4.14E-10,-4.83E-10,-5.41E-10,-5.89E-10,-6.25E-10,-6.50E-10,-6.64E-10,-6.67E-10,-6.59E-10,-6.40E-10,-6.13E-10,-5.77E-10,-5.33E-10,-4.82E-10,-4.26E-10,-3.65E-10,-3.01E-10,-2.34E-10,-1.67E-10,-9.90E-11,-3.25E-11,3.19E-11,9.33E-11,1.51E-10,2.04E-10,2.51E-10,2.93E-10,3.28E-10,3.57E-10,3.79E-10,3.94E-10,4.03E-10,4.04E-10,3.99E-10,3.88E-10,3.72E-10,3.50E-10,3.23E-10,2.92E-10,2.58E-10,2.21E-10,1.82E-10,1.42E-10,1.01E-10,6.01E-11,1.97E-11,-1.93E-11,-5.66E-11,-9.14E-11,-1.23E-10,-1.52E-10,-1.78E-10,-1.99E-10,-2.17E-10,-2.30E-10,-2.39E-10,-2.44E-10,-2.45E-10,-2.42E-10,-2.36E-10,-2.25E-10,-2.12E-10,-1.96E-10,-1.77E-10,-1.57E-10,-1.34E-10,-1.11E-10,-8.62E-11,-6.13E-11,-3.64E-11,-1.20E-11,1.17E-11,3.43E-11,5.55E-11,7.49E-11,9.24E-11,1.08E-10,1.21E-10,1.31E-10,1.39E-10,1.45E-10,1.48E-10,1.49E-10,,,,,
1.04E-11,1.01E-11,9.65E-12,9.08E-12,8.39E-12,7.59E-12,6.70E-12,5.75E-12,4.73E-12,3.69E-12,2.62E-12,1.56E-12,5.12E-13,-5.02E-13,-1.47E-12,-2.37E-12,-3.21E-12,-3.95E-12,-4.61E-12,-5.17E-12,-5.62E-12,-5.97E-12,-6.21E-12,-6.34E-12,-6.37E-12,-6.29E-12,-6.12E-12,-5.85E-12,-5.51E-12,-5.09E-12,-4.60E-12,-4.07E-12,-3.49E-12,-2.87E-12,-2.24E-12,-1.59E-12,-9.46E-13,-3.11E-13,3.05E-13,8.91E-13,1.44E-12,1.94E-12,2.40E-12,2.80E-12,3.14E-12,3.41E-12,3.62E-12,3.77E-12,3.85E-12,3.86E-12,3.81E-12,3.71E-12,3.55E-12,3.34E-12,3.09E-12,2.79E-12,2.47E-12,2.11E-12,1.74E-12,1.36E-12,9.65E-13,5.74E-13,1.88E-13,-1.85E-13,-5.40E-13,-8.73E-13,-1.18E-12,-1.45E-12,-1.70E-12,-1.90E-12,-2.07E-12,-2.20E-12,-2.28E-12,-2.33E-12,-2.34E-12,-2.31E-12,-2.25E-12,-2.15E-12,-2.03E-12,-1.87E-12,-1.69E-12,-1.50E-12,-1.28E-12,-1.06E-12,-8.23E-13,-5.85E-13,-3.48E-13,-1.14E-13,1.12E-13,3.28E-13,5.30E-13,7.15E-13,8.82E-13,1.03E-12,1.15E-12,1.25E-12,1.33E-12,1.39E-12,1.41E-12,1.42E-12,,,,,
4.28E-08,4.16E-08,3.98E-08,3.75E-08,3.46E-08,3.13E-08,2.77E-08,2.37E-08,1.95E-08,1.52E-08,1.08E-08,6.44E-09,2.11E-09,-2.07E-09,-6.06E-09,-9.80E-09,-1.32E-08,-1.63E-08,-1.90E-08,-2.13E-08,-2.32E-08,-2.46E-08,-2.56E-08,-2.62E-08,-2.63E-08,-2.60E-08,-2.52E-08,-2.42E-08,-2.27E-08,-2.10E-08,-1.90E-08,-1.68E-08,-1.44E-08,-1.19E-08,-9.23E-09,-6.57E-09,-3.90E-09,-1.28E-09,1.26E-09,3.68E-09,5.94E-09,8.03E-09,9.90E-09,1.15E-08,1.29E-08,1.41E-08,1.49E-08,1.55E-08,1.59E-08,1.59E-08,1.57E-08,1.53E-08,1.47E-08,1.38E-08,1.27E-08,1.15E-08,1.02E-08,8.73E-09,7.19E-09,5.60E-09,3.98E-09,2.37E-09,7.78E-10,-7.62E-10,-2.23E-09,-3.61E-09,-4.87E-09,-6.01E-09,-7.00E-09,-7.85E-09,-8.54E-09,-9.07E-09,-9.43E-09,-9.63E-09,-9.67E-09,-9.55E-09,-9.29E-09,-8.89E-09,-8.36E-09,-7.73E-09,-6.99E-09,-6.18E-09,-5.29E-09,-4.36E-09,-3.40E-09,-2.42E-09,-1.44E-09,-4.72E-10,4.62E-10,1.35E-09,2.19E-09,2.95E-09,3.64E-09,4.25E-09,4.76E-09,5.18E-09,5.50E-09,5.72E-09,5.84E-09,5.86E-09,,,,,
1.31E-07,1.27E-07,1.22E-07,1.14E-07,1.06E-07,9.57E-08,8.45E-08,7.24E-08,5.97E-08,4.65E-08,3.31E-08,1.97E-08,6.46E-09,-6.33E-09,-1.85E-08,-2.99E-08,-4.04E-08,-4.99E-08,-5.81E-08,-6.52E-08,-7.09E-08,-7.53E-08,-7.83E-08,-7.99E-08,-8.02E-08,-7.93E-08,-7.71E-08,-7.38E-08,-6.94E-08,-6.41E-08,-5.80E-08,-5.13E-08,-4.39E-08,-3.62E-08,-2.82E-08,-2.01E-08,-1.19E-08,-3.92E-09,3.84E-09,1.12E-08,1.81E-08,2.45E-08,3.02E-08,3.53E-08,3.95E-08,4.30E-08,4.56E-08,4.75E-08,4.85E-08,4.87E-08,4.81E-08,4.68E-08,4.48E-08,4.21E-08,3.89E-08,3.52E-08,3.11E-08,2.66E-08,2.20E-08,1.71E-08,1.22E-08,7.23E-09,2.38E-09,-2.33E-09,-6.81E-09,-1.10E-08,-1.49E-08,-1.83E-08,-2.14E-08,-2.40E-08,-2.61E-08,-2.77E-08,-2.88E-08,-2.94E-08,-2.95E-08,-2.92E-08,-2.84E-08,-2.71E-08,-2.55E-08,-2.36E-08,-2.14E-08,-1.89E-08,-1.62E-08,-1.33E-08,-1.04E-08,-7.38E-09,-4.39E-09,-1.44E-09,1.41E-09,4.13E-09,6.68E-09,9.02E-09,1.11E-08,1.30E-08,1.45E-08,1.58E-08,1.68E-08,1.75E-08,1.78E-08,1.79E-08,,,,,
1.57E-07,1.53E-07,1.47E-07,1.38E-07,1.27E-07,1.15E-07,1.02E-07,8.72E-08,7.19E-08,5.60E-08,3.98E-08,2.37E-08,7.78E-09,-7.62E-09,-2.23E-08,-3.60E-08,-4.87E-08,-6.00E-08,-7.00E-08,-7.85E-08,-8.54E-08,-9.07E-08,-9.43E-08,-9.63E-08,-9.67E-08,-9.55E-08,-9.29E-08,-8.89E-08,-8.36E-08,-7.72E-08,-6.99E-08,-6.17E-08,-5.29E-08,-4.36E-08,-3.40E-08,-2.42E-08,-1.44E-08,-4.72E-09,4.62E-09,1.35E-08,2.19E-08,2.95E-08,3.64E-08,4.25E-08,4.76E-08,5.18E-08,5.50E-08,5.72E-08,5.84E-08,5.86E-08,5.79E-08,5.63E-08,5.39E-08,5.07E-08,4.69E-08,4.24E-08,3.74E-08,3.21E-08,2.64E-08,2.06E-08,1.47E-08,8.71E-09,2.86E-09,-2.80E-09,-8.20E-09,-1.33E-08,-1.79E-08,-2.21E-08,-2.58E-08,-2.89E-08,-3.14E-08,-3.33E-08,-3.47E-08,-3.54E-08,-3.56E-08,-3.51E-08,-3.42E-08,-3.27E-08,-3.08E-08,-2.84E-08,-2.57E-08,-2.27E-08,-1.95E-08,-1.60E-08,-1.25E-08,-8.89E-09,-5.28E-09,-1.74E-09,1.70E-09,4.98E-09,8.04E-09,1.09E-08,1.34E-08,1.56E-08,1.75E-08,1.91E-08,2.02E-08,2.10E-08,2.15E-08,2.16E-08,,,,,
7.48E-08,7.27E-08,6.96E-08,6.55E-08,6.05E-08,5.48E-08,4.84E-08,4.15E-08,3.42E-08,2.66E-08,1.89E-08,1.12E-08,3.69E-09,-3.62E-09,-1.06E-08,-1.71E-08,-2.31E-08,-2.85E-08,-3.33E-08,-3.73E-08,-4.06E-08,-4.31E-08,-4.48E-08,-4.57E-08,-4.59E-08,-4.54E-08,-4.41E-08,-4.22E-08,-3.97E-08,-3.67E-08,-3.32E-08,-2.93E-08,-2.51E-08,-2.07E-08,-1.61E-08,-1.15E-08,-6.82E-09,-2.24E-09,2.20E-09,6.43E-09,1.04E-08,1.40E-08,1.73E-08,2.02E-08,2.26E-08,2.46E-08,2.61E-08,2.72E-08,2.77E-08,2.79E-08,2.75E-08,2.68E-08,2.56E-08,2.41E-08,2.23E-08,2.01E-08,1.78E-08,1.52E-08,1.26E-08,9.79E-09,6.96E-09,4.14E-09,1.36E-09,-1.33E-09,-3.90E-09,-6.30E-09,-8.51E-09,-1.05E-08,-1.22E-08,-1.37E-08,-1.49E-08,-1.58E-08,-1.65E-08,-1.68E-08,-1.69E-08,-1.67E-08,-1.62E-08,-1.55E-08,-1.46E-08,-1.35E-08,-1.22E-08,-1.08E-08,-9.25E-09,-7.62E-09,-5.94E-09,-4.22E-09,-2.51E-09,-8.24E-10,8.08E-10,2.36E-09,3.82E-09,5.16E-09,6.37E-09,7.42E-09,8.32E-09,9.05E-09,9.61E-09,9.99E-09,1.02E-08,1.02E-08,,,,,
1.40E-08,1.36E-08,1.30E-08,1.23E-08,1.13E-08,1.03E-08,9.06E-09,7.77E-09,6.40E-09,4.99E-09,3.55E-09,2.11E-09,6.92E-10,-6.79E-10,-1.99E-09,-3.21E-09,-4.33E-09,-5.35E-09,-6.23E-09,-6.99E-09,-7.60E-09,-8.07E-09,-8.40E-09,-8.57E-09,-8.61E-09,-8.50E-09,-8.27E-09,-7.91E-09,-7.45E-09,-6.88E-09,-6.22E-09,-5.50E-09,-4.71E-09,-3.88E-09,-3.02E-09,-2.15E-09,-1.28E-09,-4.20E-10,4.12E-10,1.20E-09,1.95E-09,2.63E-09,3.24E-09,3.78E-09,4.24E-09,4.61E-09,4.90E-09,5.09E-09,5.20E-09,5.22E-09,5.16E-09,5.02E-09,4.80E-09,4.52E-09,4.17E-09,3.78E-09,3.33E-09,2.86E-09,2.35E-09,1.83E-09,1.30E-09,7.76E-10,2.55E-10,-2.50E-10,-7.30E-10,-1.18E-09,-1.59E-09,-1.97E-09,-2.29E-09,-2.57E-09,-2.80E-09,-2.97E-09,-3.09E-09,-3.15E-09,-3.17E-09,-3.13E-09,-3.04E-09,-2.91E-09,-2.74E-09,-2.53E-09,-2.29E-09,-2.02E-09,-1.73E-09,-1.43E-09,-1.11E-09,-7.91E-10,-4.70E-10,-1.55E-10,1.51E-10,4.43E-10,7.16E-10,9.67E-10,1.19E-09,1.39E-09,1.56E-09,1.70E-09,1.80E-09,1.87E-09,1.91E-09,1.92E-09,,,,,
1.04E-09,1.01E-09,9.65E-10,9.08E-10,8.38E-10,7.59E-10,6.70E-10,5.74E-10,4.73E-10,3.69E-10,2.62E-10,1.56E-10,5.12E-11,-5.02E-11,-1.47E-10,-2.37E-10,-3.20E-10,-3.95E-10,-4.61E-10,-5.17E-10,-5.62E-10,-5.97E-10,-6.21E-10,-6.34E-10,-6.36E-10,-6.29E-10,-6.11E-10,-5.85E-10,-5.50E-10,-5.09E-10,-4.60E-10,-4.06E-10,-3.48E-10,-2.87E-10,-2.24E-10,-1.59E-10,-9.45E-11,-3.11E-11,3.04E-11,8.90E-11,1.44E-10,1.94E-10,2.40E-10,2.80E-10,3.13E-10,3.41E-10,3.62E-10,3.76E-10,3.84E-10,3.86E-10,3.81E-10,3.71E-10,3.55E-10,3.34E-10,3.08E-10,2.79E-10,2.47E-10,2.11E-10,1.74E-10,1.36E-10,9.65E-11,5.73E-11,1.88E-11,-1.85E-11,-5.40E-11,-8.73E-11,-1.18E-10,-1.45E-10,-1.70E-10,-1.90E-10,-2.07E-10,-2.20E-10,-2.28E-10,-2.33E-10,-2.34E-10,-2.31E-10,-2.25E-10,-2.15E-10,-2.03E-10,-1.87E-10,-1.69E-10,-1.50E-10,-1.28E-10,-1.06E-10,-8.22E-11,-5.85E-11,-3.48E-11,-1.14E-11,1.12E-11,3.28E-11,5.29E-11,7.15E-11,8.82E-11,1.03E-10,1.15E-10,1.25E-10,1.33E-10,1.38E-10,1.41E-10,1.42E-10,,,,,
3.02E-11,2.94E-11,2.81E-11,2.65E-11,2.45E-11,2.21E-11,1.95E-11,1.67E-11,1.38E-11,1.07E-11,7.65E-12,4.55E-12,1.49E-12,-1.46E-12,-4.28E-12,-6.92E-12,-9.34E-12,-1.15E-11,-1.34E-11,-1.51E-11,-1.64E-11,-1.74E-11,-1.81E-11,-1.85E-11,-1.86E-11,-1.83E-11,-1.78E-11,-1.71E-11,-1.61E-11,-1.48E-11,-1.34E-11,-1.19E-11,-1.02E-11,-8.37E-12,-6.52E-12,-4.64E-12,-2.76E-12,-9.05E-13,8.88E-13,2.60E-12,4.20E-12,5.67E-12,6.99E-12,8.15E-12,9.14E-12,9.94E-12,1.06E-11,1.10E-11,1.12E-11,1.13E-11,1.11E-11,1.08E-11,1.03E-11,9.74E-12,8.99E-12,8.14E-12,7.19E-12,6.16E-12,5.08E-12,3.95E-12,2.81E-12,1.67E-12,5.49E-13,-5.38E-13,-1.57E-12,-2.55E-12,-3.44E-12,-4.24E-12,-4.94E-12,-5.54E-12,-6.03E-12,-6.40E-12,-6.66E-12,-6.80E-12,-6.83E-12,-6.74E-12,-6.56E-12,-6.28E-12,-5.91E-12,-5.46E-12,-4.94E-12,-4.36E-12,-3.74E-12,-3.08E-12,-2.40E-12,-1.71E-12,-1.01E-12,-3.33E-13,3.27E-13,9.55E-13,1.54E-12,2.09E-12,2.57E-12,3.00E-12,3.36E-12,3.66E-12,3.88E-12,4.04E-12,4.12E-12,4.14E-12,,,,,
3.48E-13,3.38E-13,3.24E-13,3.04E-13,2.81E-13,2.55E-13,2.25E-13,1.93E-13,1.59E-13,1.24E-13,8.80E-14,5.23E-14,1.72E-14,-1.68E-14,-4.92E-14,-7.96E-14,-1.07E-13,-1.33E-13,-1.55E-13,-1.73E-13,-1.89E-13,-2.00E-13,-2.08E-13,-2.13E-13,-2.13E-13,-2.11E-13,-2.05E-13,-1.96E-13,-1.85E-13,-1.71E-13,-1.54E-13,-1.36E-13,-1.17E-13,-9.63E-14,-7.50E-14,-5.34E-14,-3.17E-14,-1.04E-14,1.02E-14,2.99E-14,4.83E-14,6.52E-14,8.04E-14,9.38E-14,1.05E-13,1.14E-13,1.21E-13,1.26E-13,1.29E-13,1.29E-13,1.28E-13,1.24E-13,1.19E-13,1.12E-13,1.03E-13,9.36E-14,8.27E-14,7.09E-14,5.84E-14,4.55E-14,3.24E-14,1.92E-14,6.32E-15,-6.19E-15,-1.81E-14,-2.93E-14,-3.95E-14,-4.88E-14,-5.69E-14,-6.38E-14,-6.94E-14,-7.36E-14,-7.66E-14,-7.82E-14,-7.85E-14,-7.76E-14,-7.54E-14,-7.22E-14,-6.79E-14,-6.28E-14,-5.68E-14,-5.02E-14,-4.30E-14,-3.54E-14,-2.76E-14,-1.96E-14,-1.17E-14,-3.83E-15,3.76E-15,1.10E-14,1.78E-14,2.40E-14,2.96E-14,3.45E-14,3.87E-14,4.21E-14,4.47E-14,4.65E-14,4.74E-14,4.76E-14,,,,,
